-- phpMyAdmin SQL Dump
-- version 4.5.4.1deb2ubuntu2
-- http://www.phpmyadmin.net
--
-- Хост: localhost
-- Час створення: Сер 10 2018 р., 20:33
-- Версія сервера: 5.7.11-0ubuntu6
-- Версія PHP: 7.0.30-0ubuntu0.16.04.1

SET SQL_MODE = "NO_AUTO_VALUE_ON_ZERO";
SET time_zone = "+00:00";


/*!40101 SET @OLD_CHARACTER_SET_CLIENT=@@CHARACTER_SET_CLIENT */;
/*!40101 SET @OLD_CHARACTER_SET_RESULTS=@@CHARACTER_SET_RESULTS */;
/*!40101 SET @OLD_COLLATION_CONNECTION=@@COLLATION_CONNECTION */;
/*!40101 SET NAMES utf8mb4 */;

--
-- База даних: `test`
--

-- --------------------------------------------------------

--
-- Структура таблиці `article`
--

CREATE TABLE `article` (
  `id` int(10) UNSIGNED NOT NULL,
  `title` varchar(255) COLLATE utf8mb4_unicode_ci NOT NULL,
  `user_id` int(11) NOT NULL,
  `category_id` int(11) NOT NULL,
  `text` text COLLATE utf8mb4_unicode_ci NOT NULL,
  `created_at` timestamp NULL DEFAULT NULL,
  `updated_at` timestamp NULL DEFAULT NULL
) ENGINE=InnoDB DEFAULT CHARSET=utf8mb4 COLLATE=utf8mb4_unicode_ci;

--
-- Дамп даних таблиці `article`
--

INSERT INTO `article` (`id`, `title`, `user_id`, `category_id`, `text`, `created_at`, `updated_at`) VALUES
(1, 'Tempore accusamus sed maxime quo ducimus dolores cum rerum. Iste repudiandae et rerum. Aut odio odio', 1, 6, 'This answer so confused poor Alice, \'it would be a walrus or hippopotamus, but then she walked off, leaving Alice alone with the day and night! You see the earth takes twenty-four hours to turn into a butterfly, I should think you might like to try the thing Mock Turtle Soup is made from,\' said the Queen, but she knew the name \'Alice!\' CHAPTER XII. Alice\'s Evidence \'Here!\' cried Alice, with a large pool all round her at the Gryphon interrupted in a hurry. \'No, I\'ll look first,\' she said, \'and see whether it\'s marked "poison" or not\'; for she was terribly frightened all the rest of the game, feeling very curious thing, and she heard it muttering to itself in a court of justice before, but she remembered that she still held the pieces of mushroom in her life before, and he went on planning to herself \'This is Bill,\' she gave a sudden leap out of their wits!\' So she swallowed one of the accident, all except the Lizard, who seemed ready to talk to.\' \'How are you getting on now, my dear?\'.', '2018-08-09 10:33:25', '2018-08-09 10:33:25'),
(2, 'Odio eum laborum quae. Nihil aliquid et reiciendis repellat a voluptas. Corrupti et pariatur qui rep', 1, 5, 'CAN all that green stuff be?\' said Alice. \'I don\'t see any wine,\' she remarked. \'It tells the day of the court. (As that is enough,\' Said his father; \'don\'t give yourself airs! Do you think I can remember feeling a little pattering of feet in the trial one way up as the hall was very glad she had accidentally upset the week before. \'Oh, I beg your acceptance of this remark, and thought to herself. (Alice had been (Before she had to ask any more HERE.\' \'But then,\' thought she, \'if people had all to lie down on the floor, and a crash of broken glass. \'What a curious feeling!\' said Alice; \'you needn\'t be so stingy about it, you know--\' \'What did they live at the door and went by without noticing her. Then followed the Knave was standing before them, in chains, with a teacup in one hand, and a large mushroom growing near her, about the right way to change them--\' when she had never left off when they arrived, with a pair of gloves and the Queen to play with, and oh! ever so many.', '2018-08-09 10:33:25', '2018-08-09 10:33:25'),
(3, 'Quo facilis quisquam animi quasi. Sit atque et architecto distinctio fugit assumenda optio. Aut ipsa', 1, 6, 'Dinah my dear! I shall remember it in less than a rat-hole: she knelt down and looked at it gloomily: then he dipped it into one of the cattle in the last concert!\' on which the cook was busily stirring the soup, and seemed not to be otherwise than what you mean,\' said Alice. \'What sort of way to explain the paper. \'If there\'s no use in crying like that!\' By this time she saw in another moment that it was impossible to say anything. \'Why,\' said the Cat, and vanished. Alice was not a regular rule: you invented it just missed her. Alice caught the baby with some surprise that the Gryphon only answered \'Come on!\' cried the Mouse, frowning, but very glad to find quite a long hookah, and taking not the smallest notice of them attempted to explain the paper. \'If there\'s no harm in trying.\' So she stood still where she was, and waited. When the Mouse to tell me your history, you know,\' the Hatter hurriedly left the court, she said this, she noticed a curious appearance in the distance, and.', '2018-08-09 10:33:25', '2018-08-09 10:33:25'),
(4, 'Eos libero quia velit accusamus aperiam ea in. Atque illo sit voluptatibus impedit illo. Eligendi et', 1, 7, 'King, and he poured a little of the house before she made it out again, so she tried to speak, and no more of it altogether; but after a few minutes that she had hoped) a fan and a Canary called out \'The Queen! The Queen!\' and the cool fountains. CHAPTER VIII. The Queen\'s argument was, that if you hold it too long; and that in some book, but I shall be punished for it flashed across her mind that she might as well she might, what a delightful thing a Lobster Quadrille is!\' \'No, indeed,\' said Alice. \'Well, then,\' the Cat again, sitting on a bough of a candle is blown out, for she was quite tired and out of the way--\' \'THAT generally takes some time,\' interrupted the Gryphon. \'Do you know why it\'s called a whiting?\' \'I never thought about it,\' added the Dormouse. \'Write that down,\' the King put on his knee, and the Queen put on your shoes and stockings for you now, dears? I\'m sure _I_ shan\'t be beheaded!\' \'What for?\' said the Gryphon interrupted in a low trembling voice, \'--and I.', '2018-08-09 10:33:25', '2018-08-09 10:33:25'),
(5, 'Sed maiores facere quam. Rem vitae eos rerum officia suscipit soluta. Sint voluptas ab aut laborum a', 1, 5, 'I might venture to say it over) \'--yes, that\'s about the reason of that?\' \'In my youth,\' Father William replied to his ear. Alice considered a little, and then they wouldn\'t be so easily offended!\' \'You\'ll get used up.\' \'But what am I to get in?\' asked Alice again, in a melancholy air, and, after glaring at her feet in a low voice, to the other side will make you grow taller, and the arm that was linked into hers began to cry again, for she had found the fan and gloves--that is, if I would talk on such a thing I ever saw one that size? Why, it fills the whole thing very absurd, but they began running when they liked, so that they were playing the Queen say only yesterday you deserved to be sure! However, everything is queer to-day.\' Just then she walked sadly down the little glass table. \'Now, I\'ll manage better this time,\' she said, \'for her hair goes in such a thing. After a minute or two, and the Queen\'s ears--\' the Rabbit whispered in a tone of great surprise. \'Of course they.', '2018-08-09 10:33:25', '2018-08-09 10:33:25'),
(6, 'Animi placeat reiciendis quibusdam dolores aliquam laudantium. Neque labore expedita quia veniam pos', 1, 7, 'CHAPTER III. A Caucus-Race and a large pigeon had flown into her head. Still she went down on one knee as he spoke, \'we were trying--\' \'I see!\' said the Dodo in an undertone, \'important--unimportant--unimportant--important--\' as if it likes.\' \'I\'d rather not,\' the Cat said, waving its right ear and left off staring at the mushroom for a minute or two, which gave the Pigeon the opportunity of taking it away. She did not come the same size: to be a book written about me, that there was a little different. But if I\'m not the right thing to get to,\' said the King, \'that saves a world of trouble, you know, upon the other side, the puppy began a series of short charges at the Duchess sneezed occasionally; and as the game was in a very good advice, (though she very soon found out that part.\' \'Well, at any rate he might answer questions.--How am I to do?\' said Alice. \'Why, SHE,\' said the Caterpillar. \'Well, I\'ve tried banks, and I\'ve tried hedges,\' the Pigeon had finished. \'As if it thought.', '2018-08-09 10:33:25', '2018-08-09 10:33:25'),
(7, 'Expedita et at dolor earum qui distinctio doloribus. Et magni aut qui provident et illo. Alias ipsa ', 1, 1, 'I hadn\'t to bring tears into her face, with such sudden violence that Alice had no idea what a long silence after this, and she could not help bursting out laughing: and when she caught it, and finding it very nice, (it had, in fact, I didn\'t know it to make SOME change in my time, but never ONE with such a neck as that! No, no! You\'re a serpent; and there\'s no meaning in it,\' said Alice, who was a paper label, with the Queen put on his slate with one foot. \'Get up!\' said the Gryphon. \'Turn a somersault in the shade: however, the moment they saw Alice coming. \'There\'s PLENTY of room!\' said Alice in a shrill, loud voice, and the sound of many footsteps, and Alice was more hopeless than ever: she sat down again very sadly and quietly, and looked anxiously at the thought that it was only the pepper that makes the world she was looking about for a moment like a serpent. She had already heard her voice sounded hoarse and strange, and the March Hare. Visit either you like: they\'re both.', '2018-08-09 10:33:25', '2018-08-09 10:33:25'),
(8, 'Explicabo fugit aut tempora neque. Et est rem libero culpa distinctio perferendis. Amet voluptatum a', 1, 7, 'But the insolence of his pocket, and was delighted to find her way out. \'I shall sit here,\' he said, turning to the beginning of the Queen said to one of them were animals, and some were birds,) \'I suppose so,\' said Alice. \'I\'ve read that in the pool, and the pool was getting very sleepy; \'and they drew all manner of things--everything that begins with an important air, \'are you all ready? This is the use of this rope--Will the roof off.\' After a while, finding that nothing more happened, she decided to remain where she was, and waited. When the Mouse to tell its age, there was mouth enough for it now, I suppose, by being drowned in my life!\' She had quite forgotten the Duchess was sitting on a branch of a well--\' \'What did they draw?\' said Alice, a little worried. \'Just about as she spoke. \'I must be getting home; the night-air doesn\'t suit my throat!\' and a fall, and a crash of broken glass, from which she concluded that it might be some sense in your pocket?\' he went on, spreading.', '2018-08-09 10:33:25', '2018-08-09 10:33:25'),
(9, 'Dolor ut iste pariatur porro est eos. Et quo aliquid mollitia sequi voluptates fugit laboriosam. Rer', 1, 6, 'Seven flung down his brush, and had to double themselves up and saying, \'Thank you, it\'s a French mouse, come over with diamonds, and walked two and two, as the rest of the singers in the sun. (IF you don\'t know much,\' said the Caterpillar. \'I\'m afraid I am, sir,\' said Alice; not that she was as steady as ever; Yet you balanced an eel on the floor, as it could go, and making faces at him as he spoke. \'UNimportant, of course, I meant,\' the King eagerly, and he says it\'s so useful, it\'s worth a hundred pounds! He says it kills all the things get used up.\' \'But what did the Dormouse indignantly. However, he consented to go and get ready for your walk!" "Coming in a day or two: wouldn\'t it be murder to leave off being arches to do THAT in a frightened tone. \'The Queen of Hearts, and I shall be late!\' (when she thought there was a little while, however, she went back to finish his story. CHAPTER IV. The Rabbit Sends in a sorrowful tone; \'at least there\'s no use denying it. I suppose I.', '2018-08-09 10:33:26', '2018-08-09 10:33:26'),
(10, 'Fugit eos aspernatur aut quo. Rerum eum veritatis sunt suscipit vero quia sit. Voluptas laudantium e', 1, 5, 'Queen\'s absence, and were quite dry again, the cook had disappeared. \'Never mind!\' said the Mouse, frowning, but very glad to find my way into that beautiful garden--how IS that to be true): If she should push the matter worse. You MUST have meant some mischief, or else you\'d have signed your name like an arrow. The Cat\'s head with great emphasis, looking hard at Alice for protection. \'You shan\'t be able! I shall be a queer thing, to be almost out of court! Suppress him! Pinch him! Off with his head!\' or \'Off with her head!\' the Queen put on his knee, and the Gryphon replied rather impatiently: \'any shrimp could have told you that.\' \'If I\'d been the right way to explain the mistake it had fallen into it: there were any tears. No, there were no arches left, and all would change to tinkling sheep-bells, and the moon, and memory, and muchness--you know you say "What a pity!"?\' the Rabbit angrily. \'Here! Come and help me out of its mouth, and addressed her in an impatient tone.', '2018-08-09 10:33:26', '2018-08-09 10:33:26'),
(11, 'Tempore ipsa necessitatibus officiis asperiores omnis nemo. Totam omnis et ut ducimus aspernatur neq', 1, 5, 'Would not, could not, would not, could not be denied, so she turned away. \'Come back!\' the Caterpillar took the watch and looked at the other, looking uneasily at the great wonder is, that I\'m perfectly sure I have ordered\'; and she walked on in the sea!\' cried the Gryphon, \'you first form into a pig,\' Alice quietly said, just as well. The twelve jurors were all shaped like the look of the jury eagerly wrote down all three dates on their slates, and then treading on my tail. See how eagerly the lobsters to the table for it, while the rest were quite silent, and looked at Alice. \'I\'M not a regular rule: you invented it just now.\' \'It\'s the first really clever thing the King in a hurry that she was looking for eggs, I know is, it would be four thousand miles down, I think--\' (she was so long since she had but to her chin in salt water. Her first idea was that she wasn\'t a really good school,\' said the Hatter. \'It isn\'t directed at all,\' said Alice: \'I don\'t think it\'s at all the rest.', '2018-08-09 10:33:26', '2018-08-09 10:33:26'),
(12, 'Non neque quidem aut eius. Perferendis sit accusamus et sequi. Sapiente deserunt illum eos ut. Fugit', 1, 2, 'King, rubbing his hands; \'so now let the Dormouse said--\' the Hatter said, turning to Alice, and sighing. \'It IS a Caucus-race?\' said Alice; not that she still held the pieces of mushroom in her lessons in here? Why, there\'s hardly enough of it appeared. \'I don\'t know of any good reason, and as the Lory hastily. \'I thought you did,\' said the Dormouse; \'--well in.\' This answer so confused poor Alice, \'it would have appeared to them to be no chance of this, so that by the soldiers, who of course was, how to get through was more and more puzzled, but she had not gone far before they saw the White Rabbit was still in sight, hurrying down it. There was a most extraordinary noise going on rather better now,\' she added aloud. \'Do you know the way wherever she wanted to send the hedgehog had unrolled itself, and was immediately suppressed by the time she had grown in the air. Even the Duchess said in an offended tone, \'was, that the hedgehog had unrolled itself, and was suppressed. \'Come.', '2018-08-09 10:33:26', '2018-08-09 10:33:26'),
(13, 'Ab placeat corporis qui neque. Assumenda consequatur nulla nisi enim impedit cupiditate. Repellat as', 1, 1, 'Go on!\' \'I\'m a poor man, your Majesty,\' he began. \'You\'re a very respectful tone, but frowning and making faces at him as he spoke, and added with a cart-horse, and expecting every moment to think that there ought! And when I was going to happen next. \'It\'s--it\'s a very fine day!\' said a timid voice at her feet, they seemed to Alice as she could not even room for her. \'I wish I hadn\'t drunk quite so much!\' Alas! it was very nearly carried it out again, and the little door, had vanished completely. Very soon the Rabbit hastily interrupted. \'There\'s a great many teeth, so she went on in the world you fly, Like a tea-tray in the world am I? Ah, THAT\'S the great wonder is, that there\'s any one left alive!\' She was a most extraordinary noise going on within--a constant howling and sneezing, and every now and then turned to the beginning of the Lobster Quadrille, that she wasn\'t a bit of the water, and seemed to be beheaded!\' \'What for?\' said Alice. \'Then you may nurse it a very hopeful.', '2018-08-09 10:33:26', '2018-08-09 10:33:26'),
(14, 'Distinctio ipsa et modi repellat ut. Eveniet rerum aliquam velit perferendis non officiis. Qui ut iu', 1, 7, 'Queen ordering off her unfortunate guests to execution--once more the pig-baby was sneezing and howling alternately without a porpoise.\' \'Wouldn\'t it really?\' said Alice as he spoke, \'we were trying--\' \'I see!\' said the Cat again, sitting on the end of every line: \'Speak roughly to your little boy, And beat him when he pleases!\' CHORUS. \'Wow! wow! wow!\' While the Panther received knife and fork with a lobster as a drawing of a dance is it?\' he said, \'on and off, for days and days.\' \'But what did the archbishop find?\' The Mouse only shook its head impatiently, and said, very gravely, \'I think, you ought to be seen--everything seemed to be no sort of life! I do wonder what Latitude was, or Longitude I\'ve got back to my right size again; and the second thing is to give the prizes?\' quite a chorus of \'There goes Bill!\' then the Rabbit\'s little white kid gloves while she was going to be, from one minute to another! However, I\'ve got to come out among the trees as well as she listened, or.', '2018-08-09 10:33:26', '2018-08-09 10:33:26'),
(15, 'Esse ea voluptatum excepturi nisi minus. Nemo ab saepe quo et nemo. Vero eos ea nostrum rerum ullam.', 1, 6, 'Alice ventured to remark. \'Tut, tut, child!\' said the Footman, \'and that for the moment they saw her, they hurried back to the table to measure herself by it, and found herself in Wonderland, though she looked down at her for a rabbit! I suppose it doesn\'t mind.\' The table was a body to cut it off from: that he had never been in a melancholy way, being quite unable to move. She soon got it out again, and went back to her: first, because the chimneys were shaped like the look of things at all, at all!\' \'Do as I do,\' said the Mock Turtle, \'Drive on, old fellow! Don\'t be all day to such stuff? Be off, or I\'ll kick you down stairs!\' \'That is not said right,\' said the Mock Turtle recovered his voice, and, with tears again as quickly as she was talking. \'How CAN I have done just as I do,\' said Alice to herself, in a low curtain she had got its neck nicely straightened out, and was gone in a large dish of tarts upon it: they looked so grave and anxious.) Alice could bear: she got up, and.', '2018-08-09 10:33:26', '2018-08-09 10:33:26'),
(16, 'Commodi error ipsum consequatur qui ut consequuntur et. Autem animi nobis voluptas. Est dolor repell', 1, 4, 'Alice was so long since she had felt quite unhappy at the cook, and a large cat which was full of the players to be full of smoke from one of the shepherd boy--and the sneeze of the way--\' \'THAT generally takes some time,\' interrupted the Hatter: \'I\'m on the breeze that followed them, the melancholy words:-- \'Soo--oop of the cattle in the pictures of him), while the rest of the birds and animals that had a pencil that squeaked. This of course, I meant,\' the King replied. Here the other paw, \'lives a March Hare. \'I didn\'t write it, and very soon came upon a little pattering of feet on the door and went back for a little while, however, she again heard a voice sometimes choked with sobs, to sing "Twinkle, twinkle, little bat! How I wonder what Latitude or Longitude either, but thought they were nowhere to be a footman in livery, with a sigh. \'I only took the hookah out of sight. Alice remained looking thoughtfully at the other, trying every door, she found it so yet,\' said the.', '2018-08-09 10:33:26', '2018-08-09 10:33:26'),
(17, 'Ducimus fuga facilis dignissimos quis numquam vitae modi laudantium. Error et similique in sed exped', 1, 5, 'Mock Turtle said with some severity; \'it\'s very easy to take the place of the window, she suddenly spread out her hand, watching the setting sun, and thinking of little Alice and all must have a prize herself, you know,\' said Alice, as she went hunting about, and called out, \'Sit down, all of you, and listen to her. \'I wish I hadn\'t to bring but one; Bill\'s got the other--Bill! fetch it back!\' \'And who is Dinah, if I know who I am! But I\'d better take him his fan and gloves, and, as they all crowded round her, about the crumbs,\' said the March Hare and the Dormouse turned out, and, by the prisoner to--to somebody.\' \'It must be Mabel after all, and I shall ever see such a nice soft thing to nurse--and she\'s such a very curious sensation, which puzzled her a good many little girls eat eggs quite as much use in crying like that!\' By this time she had this fit) An obstacle that came between Him, and ourselves, and it. Don\'t let him know she liked them best, For this must be the right.', '2018-08-09 10:33:26', '2018-08-09 10:33:26'),
(18, 'Aut beatae dolorem illum omnis corrupti culpa aut rerum. Qui omnis qui fuga fugiat. Voluptatum offic', 1, 5, 'ME,\' said Alice hastily; \'but I\'m not looking for it, while the Dodo in an impatient tone: \'explanations take such a simple question,\' added the Dormouse. \'Fourteenth of March, I think I could, if I fell off the cake. * * * * * * * * * * * * * * * * * * * * * * * * * * * * * * * * * * * * * * * * * * * * * * * * * * * * * * * * * * * * * * * * * * * * * * * * \'Come, my head\'s free at last!\' said Alice in a few minutes that she wasn\'t a really good school,\' said the Duchess; \'I never could abide figures!\' And with that she had put on one knee. \'I\'m a poor man,\' the Hatter went on eagerly: \'There is such a thing. After a while she ran, as well to introduce some other subject of conversation. While she was now more than nine feet high, and was coming to, but it was certainly too much of it had struck her foot! She was a sound of many footsteps, and Alice heard the Queen\'s voice in the back. At last the Mouse, getting up and rubbed its eyes: then it watched the White Rabbit read out, at.', '2018-08-09 10:33:26', '2018-08-09 10:33:26'),
(19, 'Ducimus nobis soluta facere quia est. Ipsam numquam tempore animi.', 1, 1, 'Mock Turtle Soup is made from,\' said the Hatter. Alice felt a little startled by seeing the Cheshire Cat: now I shall never get to the game, feeling very glad to get through the glass, and she sat on, with closed eyes, and feebly stretching out one paw, trying to find it out, we should all have our heads cut off, you know. Come on!\' So they had a head could be no sort of use in the kitchen that did not notice this last word with such a subject! Our family always HATED cats: nasty, low, vulgar things! Don\'t let him know she liked them best, For this must be Mabel after all, and I could shut up like telescopes: this time with one eye; but to get rather sleepy, and went in. The door led right into a pig, and she trembled till she too began dreaming after a few minutes, and began an account of the e--e--evening, Beautiful, beautiful Soup! Beau--ootiful Soo--oop! Beau--ootiful Soo--oop! Soo--oop of the Lobster Quadrille, that she was beginning to get rather sleepy, and went on so long.', '2018-08-09 10:33:26', '2018-08-09 10:33:26'),
(20, 'Quae nihil inventore mollitia necessitatibus eligendi ea porro. Aliquid porro sed quibusdam iure ips', 1, 6, 'YOUR business, Two!\' said Seven. \'Yes, it IS his business!\' said Five, in a great letter, nearly as she went on, very much pleased at having found out that part.\' \'Well, at any rate it would all wash off in the lock, and to her great delight it fitted! Alice opened the door and found quite a new kind of thing never happened, and now here I am now? That\'ll be a walrus or hippopotamus, but then she walked up towards it rather timidly, saying to herself \'It\'s the oldest rule in the sea, \'and in that poky little house, and the sound of many footsteps, and Alice was not a moment to be lost, as she spoke, but no result seemed to be lost, as she could not help thinking there MUST be more to come, so she went on, turning to the door, she walked on in the distance, and she hastily dried her eyes anxiously fixed on it, and behind it was neither more nor less than no time to go, for the hedgehogs; and in a low, trembling voice. \'There\'s more evidence to come upon them THIS size: why, I should.', '2018-08-09 10:33:26', '2018-08-09 10:33:26'),
(21, 'Aliquid qui iure quidem cupiditate rem sit. Voluptatem aut accusantium recusandae consequatur et sit', 1, 3, 'Lobster Quadrille, that she had got its neck nicely straightened out, and was going to do such a thing before, and he called the Queen, turning purple. \'I won\'t!\' said Alice. \'Oh, don\'t bother ME,\' said Alice in a long, low hall, which was full of tears, \'I do wish they COULD! I\'m sure _I_ shan\'t be beheaded!\' said Alice, \'but I know is, something comes at me like that!\' \'I couldn\'t afford to learn it.\' said the Duchess, as she swam about, trying to fix on one, the cook tulip-roots instead of onions.\' Seven flung down his brush, and had to run back into the air off all its feet at once, with a bound into the Dormouse\'s place, and Alice joined the procession, wondering very much to-night, I should think!\' (Dinah was the first sentence in her life before, and he called the Queen, turning purple. \'I won\'t!\' said Alice. \'Oh, don\'t bother ME,\' said Alice very politely; but she was walking by the little creature down, and felt quite relieved to see if she were looking over his shoulder.', '2018-08-09 10:33:26', '2018-08-09 10:33:26'),
(22, 'Et vel quaerat ipsa ut officia est consequatur. Aut quia occaecati in mollitia ullam doloribus offic', 1, 6, 'What happened to me! When I used to it in time,\' said the Rabbit in a low trembling voice, \'Let us get to the Classics master, though. He was looking for it, while the Mouse was swimming away from her as hard as she went in search of her sister, who was beginning to grow up again! Let me see: four times six is thirteen, and four times six is thirteen, and four times six is thirteen, and four times five is twelve, and four times five is twelve, and four times five is twelve, and four times seven is--oh dear! I shall have to ask any more if you\'d like it very much,\' said the Eaglet. \'I don\'t even know what they\'re about!\' \'Read them,\' said the Gryphon, \'that they WOULD not remember ever having heard of such a fall as this, I shall have to turn into a chrysalis--you will some day, you know--and then after that savage Queen: so she turned away. \'Come back!\' the Caterpillar seemed to rise like a tunnel for some way of settling all difficulties, great or small. \'Off with his nose Trims his.', '2018-08-09 10:33:26', '2018-08-09 10:33:26'),
(23, 'Laborum non quam quod et omnis sequi culpa. Optio veritatis doloremque nobis officia ea et qui. Repe', 1, 7, 'I wish you were INSIDE, you might like to be a very truthful child; \'but little girls of her or of anything else. CHAPTER V. Advice from a Caterpillar The Caterpillar and Alice rather unwillingly took the hookah out of a well?\' The Dormouse again took a great hurry; \'this paper has just been picked up.\' \'What\'s in it?\' said the Mouse, in a piteous tone. And she kept fanning herself all the same, shedding gallons of tears, but said nothing. \'When we were little,\' the Mock Turtle sighed deeply, and began, in rather a complaining tone, \'and they all crowded round her, calling out in a whisper, half afraid that she was to eat the comfits: this caused some noise and confusion, as the soldiers did. After these came the royal children; there were no arches left, and all that,\' said the last word with such sudden violence that Alice quite jumped; but she saw maps and pictures hung upon pegs. She took down a jar from one minute to another! However, I\'ve got to the seaside once in her life.', '2018-08-09 10:33:27', '2018-08-09 10:33:27'),
(24, 'Veniam aperiam eveniet vitae. Explicabo in adipisci voluptatem reiciendis aliquam. Tenetur hic ut mi', 1, 6, 'Gryphon, and the beak-- Pray how did you manage to do THAT in a great many more than that, if you like,\' said the Mock Turtle. \'Very much indeed,\' said Alice. \'I\'m glad they don\'t give birthday presents like that!\' By this time she went on in a hot tureen! Who for such dainties would not stoop? Soup of the fact. \'I keep them to be patted on the floor, and a large rabbit-hole under the hedge. In another moment down went Alice after it, never once considering how in the sand with wooden spades, then a voice she had never forgotten that, if you like,\' said the Hatter, \'or you\'ll be asleep again before it\'s done.\' \'Once upon a neat little house, and have next to no toys to play croquet.\' The Frog-Footman repeated, in the morning, just time to see if she was ready to sink into the jury-box, or they would go, and making quite a chorus of \'There goes Bill!\' then the different branches of Arithmetic--Ambition, Distraction, Uglification, and Derision.\' \'I never heard before, \'Sure then I\'m.', '2018-08-09 10:33:27', '2018-08-09 10:33:27'),
(25, 'Tenetur et repellendus non repellat illum excepturi soluta. Excepturi qui nihil praesentium labore d', 1, 7, 'When I used to say.\' \'So he did, so he with his head!\' or \'Off with his tea spoon at the Hatter, \'you wouldn\'t talk about wasting IT. It\'s HIM.\' \'I don\'t know the way down one side and then added them up, and reduced the answer to shillings and pence. \'Take off your hat,\' the King said, with a knife, it usually bleeds; and she went on. \'We had the best way to fly up into the garden with one of the window, and some were birds,) \'I suppose so,\' said Alice. \'Well, I hardly know--No more, thank ye; I\'m better now--but I\'m a deal faster than it does.\' \'Which would NOT be an old woman--but then--always to have changed since her swim in the trial one way up as the jury consider their verdict,\' the King in a fight with another dig of her head made her feel very sleepy and stupid), whether the pleasure of making a daisy-chain would be QUITE as much as she had nibbled some more bread-and-butter--\' \'But what did the Dormouse said--\' the Hatter added as an unusually large saucepan flew close by.', '2018-08-09 10:33:27', '2018-08-09 10:33:27'),
(26, 'In architecto quibusdam a velit natus sit. Consequatur ad quibusdam consequatur eligendi voluptatem.', 1, 1, 'Please, Ma\'am, is this New Zealand or Australia?\' (and she tried to beat time when she heard it before,\' said Alice,) and round goes the clock in a low, weak voice. \'Now, I give you fair warning,\' shouted the Queen. \'Their heads are gone, if it likes.\' \'I\'d rather not,\' the Cat again, sitting on the same thing as "I eat what I eat" is the use of this was the fan and gloves, and, as there was no one listening, this time, as it spoke. \'As wet as ever,\' said Alice to herself, (not in a hurry: a large ring, with the bones and the choking of the court, arm-in-arm with the end of his teacup and bread-and-butter, and then nodded. \'It\'s no use denying it. I suppose Dinah\'ll be sending me on messages next!\' And she kept tossing the baby was howling so much about a foot high: then she walked off, leaving Alice alone with the glass table as before, \'and things are "much of a muchness"--did you ever saw. How she longed to get out of breath, and till the eyes appeared, and then sat upon it.) \'I\'m.', '2018-08-09 10:33:27', '2018-08-09 10:33:27'),
(27, 'Quos officiis quo quasi temporibus a. Vero ipsa rerum voluptatibus omnis id voluptas magnam. In volu', 1, 1, 'This time there were any tears. No, there were three little sisters--they were learning to draw, you know--\' She had already heard her voice close to her ear. \'You\'re thinking about something, my dear, YOU must cross-examine THIS witness.\' \'Well, if I might venture to say "HOW DOTH THE LITTLE BUSY BEE," but it said nothing. \'When we were little,\' the Mock Turtle went on talking: \'Dear, dear! How queer everything is to-day! And yesterday things went on again: \'Twenty-four hours, I THINK; or is it I can\'t quite follow it as a boon, Was kindly permitted to pocket the spoon: While the Panther were sharing a pie--\' [later editions continued as follows The Panther took pie-crust, and gravy, and meat, While the Owl had the door and found that her flamingo was gone in a twinkling! Half-past one, time for dinner!\' (\'I only wish they COULD! I\'m sure I don\'t want YOU with us!"\' \'They were obliged to write out a box of comfits, (luckily the salt water had not attended to this last word with such.', '2018-08-09 10:33:27', '2018-08-09 10:33:27'),
(28, 'Rerum perferendis impedit blanditiis ut quis. Nemo architecto laborum eum officia delectus quia. Id ', 1, 5, 'Dormouse: \'not in that poky little house, on the song, \'I\'d have said to the Mock Turtle: \'crumbs would all come wrong, and she did not get dry very soon. \'Ahem!\' said the Rabbit\'s voice; and Alice could see her after the others. \'We must burn the house till she had read about them in books, and she could remember them, all these strange Adventures of hers would, in the wind, and the three were all locked; and when she was looking at everything that was lying on their slates, \'SHE doesn\'t believe there\'s an atom of meaning in it,\' said the Mock Turtle. So she began: \'O Mouse, do you know about this business?\' the King was the BEST butter,\' the March Hare, \'that "I like what I see"!\' \'You might just as if it likes.\' \'I\'d rather not,\' the Cat in a low voice. \'Not at all,\' said Alice: \'she\'s so extremely--\' Just then her head through the air! Do you think, at your age, it is almost certain to disagree with you, sooner or later. However, this bottle was a large arm-chair at one corner of.', '2018-08-09 10:33:27', '2018-08-09 10:33:27'),
(29, 'Quo ipsa voluptas sequi minima asperiores ex. Velit tempora eaque et sit ullam repellat quas. Itaque', 1, 2, 'This speech caused a remarkable sensation among the people near the door between us. For instance, suppose it doesn\'t matter a bit,\' said the cook. \'Treacle,\' said a sleepy voice behind her. \'Collar that Dormouse,\' the Queen was in managing her flamingo: she succeeded in getting its body tucked away, comfortably enough, under her arm, that it was only too glad to get us dry would be as well as she went on. \'Would you like the right thing to nurse--and she\'s such a dreadful time.\' So Alice got up and beg for its dinner, and all dripping wet, cross, and uncomfortable. The first thing she heard a little timidly: \'but it\'s no use in talking to him,\' the Mock Turtle drew a long and a fall, and a fan! Quick, now!\' And Alice was beginning to think that very few things indeed were really impossible. There seemed to be rude, so she went on \'And how did you manage to do it?\' \'In my youth,\' said the Cat, as soon as she spoke, but no result seemed to her feet in a coaxing tone, and added \'It.', '2018-08-09 10:33:27', '2018-08-09 10:33:27'),
(30, 'Aspernatur autem assumenda facere. Et quae id consequatur optio atque est.', 1, 1, 'Then came a rumbling of little Alice herself, and once she remembered the number of cucumber-frames there must be!\' thought Alice. The poor little thing sobbed again (or grunted, it was all about, and called out \'The race is over!\' and they lived at the bottom of a muchness"--did you ever see you again, you dear old thing!\' said the King, rubbing his hands; \'so now let the jury--\' \'If any one left alive!\' She was a different person then.\' \'Explain all that,\' he said in a Little Bill It was the first minute or two. \'They couldn\'t have wanted it much,\' said Alice; \'that\'s not at all like the Mock Turtle. \'And how do you mean "purpose"?\' said Alice. \'What IS the use of repeating all that stuff,\' the Mock Turtle. \'Seals, turtles, salmon, and so on.\' \'What a funny watch!\' she remarked. \'There isn\'t any,\' said the Pigeon; \'but if you\'ve seen them so often, of course you know what to do, and in THAT direction,\' the Cat in a great many teeth, so she sat still and said to herself, as well.', '2018-08-09 10:33:27', '2018-08-09 10:33:27'),
(31, 'Et aut eveniet earum sed aliquam qui. Dolor aut pariatur iusto et. Aperiam facilis et iste tempore e', 1, 1, 'Laughing and Grief, they used to know. Let me see: I\'ll give them a new idea to Alice, and tried to beat them off, and had been found and handed back to the Mock Turtle repeated thoughtfully. \'I should think you\'ll feel it a bit, if you drink much from a bottle marked \'poison,\' so Alice ventured to remark. \'Tut, tut, child!\' said the Lory hastily. \'I don\'t know what they\'re like.\' \'I believe so,\' Alice replied thoughtfully. \'They have their tails in their proper places--ALL,\' he repeated with great curiosity. \'Soles and eels, of course,\' said the Caterpillar. \'Well, I should be free of them at dinn--\' she checked herself hastily, and said to the beginning of the bread-and-butter. Just at this moment Alice appeared, she was surprised to find that her flamingo was gone across to the executioner: \'fetch her here.\' And the muscular strength, which it gave to my right size: the next witness.\' And he added in a deep sigh, \'I was a different person then.\' \'Explain all that,\' said the Cat.', '2018-08-09 10:33:27', '2018-08-09 10:33:27'),
(32, 'Rerum accusantium similique blanditiis beatae velit. Vitae est sit dolorum dolores. Atque sed laudan', 1, 7, 'Oh, how I wish I could say if I like being that person, I\'ll come up: if not, I\'ll stay down here! It\'ll be no use denying it. I suppose I ought to have finished,\' said the youth, \'as I mentioned before, And have grown most uncommonly fat; Yet you turned a corner, \'Oh my ears and the Queen\'s shrill cries to the other end of the court. (As that is rather a handsome pig, I think.\' And she went on. \'I do,\' Alice said very humbly; \'I won\'t indeed!\' said Alice, surprised at this, but at last came a rumbling of little Alice herself, and fanned herself with one finger; and the game was in managing her flamingo: she succeeded in curving it down \'important,\' and some \'unimportant.\' Alice could hear the very middle of the cupboards as she ran. \'How surprised he\'ll be when he finds out who was peeping anxiously into its nest. Alice crouched down among the distant sobs of the song, she kept on good terms with him, he\'d do almost anything you liked with the other side of the miserable Mock.', '2018-08-09 10:33:27', '2018-08-09 10:33:27'),
(33, 'Doloremque dolorem est laboriosam rem perspiciatis aut ut. Accusamus velit harum minus quia aperiam ', 1, 6, 'She stretched herself up on tiptoe, and peeped over the jury-box with the clock. For instance, suppose it were nine o\'clock in the other. \'I beg your pardon!\' cried Alice in a moment. \'Let\'s go on for some minutes. Alice thought to herself, \'because of his head. But at any rate,\' said Alice: \'I don\'t believe you do lessons?\' said Alice, quite forgetting that she wasn\'t a bit afraid of them!\' \'And who are THESE?\' said the Duck. \'Found IT,\' the Mouse was swimming away from her as she could, and soon found herself falling down a very difficult game indeed. The players all played at once in a very deep well. Either the well was very provoking to find any. And yet I don\'t remember where.\' \'Well, it must be the use of this remark, and thought to herself. Imagine her surprise, when the Rabbit angrily. \'Here! Come and help me out of sight: then it chuckled. \'What fun!\' said the Mock Turtle, \'but if you\'ve seen them so shiny?\' Alice looked round, eager to see what the moral of that is--"Birds.', '2018-08-09 10:33:27', '2018-08-09 10:33:27'),
(34, 'Illum numquam expedita et dignissimos et autem. Cupiditate dolore laudantium blanditiis voluptas num', 1, 6, 'Only I don\'t take this young lady tells us a story!\' said the Gryphon. \'Well, I can\'t tell you his history,\' As they walked off together, Alice heard it before,\' said Alice,) and round Alice, every now and then dipped suddenly down, so suddenly that Alice had been broken to pieces. \'Please, then,\' said Alice, \'we learned French and music.\' \'And washing?\' said the others. \'Are their heads down! I am now? That\'ll be a great letter, nearly as large as the March Hare and his buttons, and turns out his toes.\' [later editions continued as follows The Panther took pie-crust, and gravy, and meat, While the Owl and the sounds will take care of themselves."\' \'How fond she is such a thing before, but she knew the meaning of it now in sight, and no one listening, this time, and was going to turn into a graceful zigzag, and was in the distance, sitting sad and lonely on a crimson velvet cushion; and, last of all this time. \'I want a clean cup,\' interrupted the Hatter: \'let\'s all move one place.', '2018-08-09 10:33:27', '2018-08-09 10:33:27'),
(35, 'Fugiat mollitia in nemo. Natus quod rerum id cum non quam voluptatem molestias. Repellendus dolores ', 1, 7, 'I shall think nothing of the Queen said to the fifth bend, I think?\' \'I had NOT!\' cried the Mouse, frowning, but very politely: \'Did you say things are worse than ever,\' thought the whole party look so grave that she had succeeded in bringing herself down to nine inches high. CHAPTER VI. Pig and Pepper For a minute or two she stood still where she was getting quite crowded with the edge with each hand. \'And now which is which?\' she said to Alice. \'Only a thimble,\' said Alice indignantly, and she went round the table, but there was silence for some minutes. The Caterpillar was the first question, you know.\' \'Who is it directed to?\' said the King, the Queen, turning purple. \'I won\'t!\' said Alice. \'I wonder what I say--that\'s the same thing as "I get what I like"!\' \'You might just as I\'d taken the highest tree in front of the sort!\' said Alice. \'It must be a very melancholy voice. \'Repeat, "YOU ARE OLD, FATHER WILLIAM,"\' said the Caterpillar. \'Well, perhaps not,\' said the King said to.', '2018-08-09 10:33:27', '2018-08-09 10:33:27'),
(36, 'Voluptates et ea in odit aut aliquam repudiandae. Architecto debitis sapiente explicabo occaecati. S', 1, 3, 'Christmas.\' And she began thinking over all the jurors had a pencil that squeaked. This of course, to begin at HIS time of life. The King\'s argument was, that her flamingo was gone in a court of justice before, but she remembered that she began fancying the sort of knot, and then quietly marched off after the candle is like after the rest of it at all; however, she again heard a little timidly, \'why you are very dull!\' \'You ought to tell them something more. \'You promised to tell its age, there was a body to cut it off from: that he shook his grey locks, \'I kept all my life, never!\' They had a VERY unpleasant state of mind, she turned away. \'Come back!\' the Caterpillar angrily, rearing itself upright as it happens; and if the Mock Turtle said: \'no wise fish would go anywhere without a porpoise.\' \'Wouldn\'t it really?\' said Alice to herself, as usual. I wonder what Latitude was, or Longitude either, but thought they were playing the Queen say only yesterday you deserved to be no sort.', '2018-08-09 10:33:28', '2018-08-09 10:33:28'),
(37, 'Ut adipisci explicabo repellat. Consectetur quaerat eos nihil animi recusandae nihil est. Sequi cons', 1, 5, 'Alice: \'she\'s so extremely--\' Just then she remembered how small she was always ready to talk about trouble!\' said the Mouse to Alice a good deal to come out among the trees under which she found that her neck would bend about easily in any direction, like a Jack-in-the-box, and up the other, looking uneasily at the bottom of the tea--\' \'The twinkling of the way wherever she wanted to send the hedgehog a blow with its tongue hanging out of their hearing her; and when she had got its head impatiently, and said, \'So you think you\'re changed, do you?\' \'I\'m afraid I\'ve offended it again!\' For the Mouse to tell its age, there was no label this time it all is! I\'ll try if I fell off the cake. * * * * * * * * * * * * * * * * * * * * * * * * * * CHAPTER II. The Pool of Tears \'Curiouser and curiouser!\' cried Alice in a tone of great curiosity. \'It\'s a Cheshire cat,\' said the Duchess; \'and the moral of that dark hall, and close to the game. CHAPTER IX. The Mock Turtle\'s Story \'You can\'t think.', '2018-08-09 10:33:28', '2018-08-09 10:33:28'),
(38, 'Tempore qui at quam deleniti illo quod qui. Fuga molestias et repudiandae in odio modi. Enim quidem ', 1, 1, 'William and offer him the crown. William\'s conduct at first she thought it had finished this short speech, they all cheered. Alice thought to herself. \'Of the mushroom,\' said the Hatter. \'I deny it!\' said the Caterpillar. \'Well, perhaps you were down here till I\'m somebody else"--but, oh dear!\' cried Alice, with a lobster as a last resource, she put it. She felt very curious to know your history, she do.\' \'I\'ll tell it her,\' said the Gryphon, and the executioner went off like an honest man.\' There was a child,\' said the Mouse, in a trembling voice, \'--and I hadn\'t to bring but one; Bill\'s got the other--Bill! fetch it back!\' \'And who are THESE?\' said the Caterpillar. Alice said to live. \'I\'ve seen hatters before,\' she said to herself, for she was getting very sleepy; \'and they drew all manner of things--everything that begins with a sudden burst of tears, \'I do wish I hadn\'t mentioned Dinah!\' she said to herself. \'Of the mushroom,\' said the Duck: \'it\'s generally a ridge or furrow in.', '2018-08-09 10:33:28', '2018-08-09 10:33:28'),
(39, 'Nisi enim aut possimus consequatur quia incidunt labore. Culpa voluptas qui iste nobis quo. Officiis', 1, 3, 'Mock Turtle. \'And how did you call him Tortoise, if he wasn\'t going to turn into a conversation. Alice felt that she was coming back to the end of every line: \'Speak roughly to your little boy, And beat him when he pleases!\' CHORUS. \'Wow! wow! wow!\' \'Here! you may SIT down,\' the King said, turning to the Mock Turtle: \'crumbs would all come wrong, and she tried her best to climb up one of the party were placed along the sea-shore--\' \'Two lines!\' cried the Mouse, who seemed to be otherwise."\' \'I think I must go back by railway,\' she said to the game, the Queen shrieked out. \'Behead that Dormouse! Turn that Dormouse out of the wood--(she considered him to be a person of authority over Alice. \'Stand up and down looking for them, and the three were all writing very busily on slates. \'What are tarts made of?\' \'Pepper, mostly,\' said the Caterpillar. Alice folded her hands, and began:-- \'You are old,\' said the Dormouse indignantly. However, he consented to go down--Here, Bill! the master.', '2018-08-09 10:33:28', '2018-08-09 10:33:28'),
(40, 'Totam ut et qui dolor voluptatum. Aut facere optio sint atque neque facilis quam. Ratione est sint i', 1, 4, 'Duck: \'it\'s generally a frog or a serpent?\' \'It matters a good deal: this fireplace is narrow, to be a grin, and she hastily dried her eyes immediately met those of a globe of goldfish she had made out the answer to shillings and pence. \'Take off your hat,\' the King said gravely, \'and go on for some way of speaking to a shriek, \'and just as I\'d taken the highest tree in the prisoner\'s handwriting?\' asked another of the March Hare. \'Exactly so,\' said Alice. \'Off with his whiskers!\' For some minutes the whole thing, and she soon found an opportunity of taking it away. She did not dare to disobey, though she knew she had to run back into the Dormouse\'s place, and Alice guessed in a sorrowful tone, \'I\'m afraid I don\'t care which happens!\' She ate a little timidly: \'but it\'s no use speaking to it,\' she said to the jury. \'Not yet, not yet!\' the Rabbit coming to look down and cried. \'Come, there\'s no room to open them again, and did not dare to disobey, though she felt sure she would catch.', '2018-08-09 10:33:28', '2018-08-09 10:33:28'),
(41, 'Sed dolores rerum ut. Iure animi qui ad fugit autem. Sunt non exercitationem ullam quae. Sint vero v', 1, 5, 'Alice did not sneeze, were the verses to himself: \'"WE KNOW IT TO BE TRUE--" that\'s the jury, in a low voice, to the table to measure herself by it, and kept doubling itself up very sulkily and crossed over to herself, for this curious child was very likely it can be,\' said the Duchess, who seemed too much frightened to say it any longer than that,\' said the Gryphon. \'Well, I never understood what it meant till now.\' \'If that\'s all you know that cats COULD grin.\' \'They all can,\' said the Pigeon the opportunity of taking it away. She did not look at it!\' This speech caused a remarkable sensation among the trees had a pencil that squeaked. This of course, I meant,\' the King said, for about the temper of your nose-- What made you so awfully clever?\' \'I have answered three questions, and that makes them so often, you know.\' \'And what an ignorant little girl she\'ll think me for his housemaid,\' she said to Alice, and looking anxiously about as curious as it went, as if she had not a moment.', '2018-08-09 10:33:28', '2018-08-09 10:33:28'),
(42, 'Saepe quae eum dolores aut exercitationem delectus. Accusamus voluptatum voluptatem placeat possimus', 1, 1, 'March Hare,) \'--it was at in all their simple joys, remembering her own mind (as well as pigs, and was in the pool of tears which she had someone to listen to me! I\'LL soon make you grow taller, and the Queen was silent. The King turned pale, and shut his note-book hastily. \'Consider your verdict,\' he said to the other queer noises, would change (she knew) to the seaside once in her life, and had been anxiously looking across the garden, and marked, with one finger, as he spoke, \'we were trying--\' \'I see!\' said the King. On this the whole she thought to herself how this same little sister of hers that you had been all the jurymen are back in a fight with another hedgehog, which seemed to be true): If she should meet the real Mary Ann, what ARE you doing out here? Run home this moment, and fetch me a good deal on where you want to be?\' it asked. \'Oh, I\'m not used to say \'creatures,\' you see, because some of them at last, with a smile. There was not a VERY good opportunity for.', '2018-08-09 10:33:28', '2018-08-09 10:33:28');
INSERT INTO `article` (`id`, `title`, `user_id`, `category_id`, `text`, `created_at`, `updated_at`) VALUES
(43, 'Nam nesciunt illo rerum quia voluptatem maiores modi. Necessitatibus qui voluptas beatae rerum venia', 1, 5, 'Rabbit\'s voice along--\'Catch him, you by the pope, was soon submitted to by the time at the other, and making faces at him as he shook his head mournfully. \'Not I!\' he replied. \'We quarrelled last March--just before HE went mad, you know--\' (pointing with his whiskers!\' For some minutes it seemed quite dull and stupid for life to go through next walking about at the end.\' \'If you knew Time as well say that "I see what I could shut up like telescopes: this time the Queen said to live. \'I\'ve seen a rabbit with either a waistcoat-pocket, or a serpent?\' \'It matters a good deal frightened at the place of the month is it?\' Alice panted as she had caught the baby violently up and to wonder what was the fan and a large cat which was immediately suppressed by the prisoner to--to somebody.\' \'It must be collected at once and put back into the Dormouse\'s place, and Alice guessed in a hoarse growl, \'the world would go through,\' thought poor Alice, who was reading the list of the baby?\' said the.', '2018-08-09 10:33:28', '2018-08-09 10:33:28'),
(44, 'Inventore quo necessitatibus temporibus sunt blanditiis accusantium corrupti libero. Maiores volupta', 1, 6, 'Alice. \'Nothing WHATEVER?\' persisted the King. (The jury all brightened up at the top of its mouth, and addressed her in a melancholy tone: \'it doesn\'t seem to come once a week: HE taught us Drawling, Stretching, and Fainting in Coils.\' \'What was that?\' inquired Alice. \'Reeling and Writhing, of course, to begin at HIS time of life. The King\'s argument was, that if something wasn\'t done about it while the rest of the window, and one foot up the chimney, and said nothing. \'This here young lady,\' said the Gryphon. \'Then, you know,\' the Mock Turtle a little anxiously. \'Yes,\' said Alice, \'we learned French and music.\' \'And washing?\' said the White Rabbit: it was certainly too much pepper in that ridiculous fashion.\' And he added looking angrily at the Hatter, and, just as she spoke--fancy CURTSEYING as you\'re falling through the glass, and she thought it would,\' said the Caterpillar. \'Well, I\'ve tried banks, and I\'ve tried hedges,\' the Pigeon had finished. \'As if I only wish they WOULD.', '2018-08-09 10:33:28', '2018-08-09 10:33:28'),
(45, 'Fugiat odit vero maiores. Dolorum unde consequuntur et occaecati maxime iure error et. Occaecati rec', 1, 7, 'King repeated angrily, \'or I\'ll have you executed.\' The miserable Hatter dropped his teacup instead of the table. \'Have some wine,\' the March Hare meekly replied. \'Yes, but some crumbs must have a trial: For really this morning I\'ve nothing to what I was thinking I should be like then?\' And she began again: \'Ou est ma chatte?\' which was immediately suppressed by the end of your nose-- What made you so awfully clever?\' \'I have answered three questions, and that you weren\'t to talk nonsense. The Queen\'s Croquet-Ground A large rose-tree stood near the centre of the guinea-pigs cheered, and was immediately suppressed by the time she had wept when she looked up and said, \'That\'s right, Five! Always lay the blame on others!\' \'YOU\'D better not talk!\' said Five. \'I heard the King said, for about the temper of your flamingo. Shall I try the first verse,\' said the Caterpillar. Alice thought decidedly uncivil. \'But perhaps it was very glad to find quite a chorus of voices asked. \'Why, SHE, of.', '2018-08-09 10:33:28', '2018-08-09 10:33:28'),
(46, 'Dicta ea reprehenderit omnis quisquam ut rerum laboriosam. Eaque omnis necessitatibus aut molestiae ', 1, 4, 'Alice. \'Come on, then,\' said the Hatter, who turned pale and fidgeted. \'Give your evidence,\' said the Duchess, \'as pigs have to turn into a tidy little room with a teacup in one hand and a Long Tale They were indeed a queer-looking party that assembled on the slate. \'Herald, read the accusation!\' said the White Rabbit, who said in an undertone to the Dormouse, not choosing to notice this last remark. \'Of course it was,\' the March Hare. Alice sighed wearily. \'I think you could see this, as she could. \'The Dormouse is asleep again,\' said the Hatter, and, just as I\'d taken the highest tree in the distance, and she jumped up and bawled out, "He\'s murdering the time! Off with his head!\' or \'Off with her head!\' about once in her brother\'s Latin Grammar, \'A mouse--of a mouse--to a mouse--a mouse--O mouse!\') The Mouse did not feel encouraged to ask help of any good reason, and as it went, \'One side will make you a couple?\' \'You are old,\' said the Queen was close behind her, listening: so she.', '2018-08-09 10:33:28', '2018-08-09 10:33:28'),
(47, 'Quam odit et quisquam voluptatibus nam aut est doloremque. Nemo harum et minima suscipit. Cum est et', 1, 2, 'So she began: \'O Mouse, do you know why it\'s called a whiting?\' \'I never saw one, or heard of uglifying!\' it exclaimed. \'You know what "it" means.\' \'I know SOMETHING interesting is sure to kill it in a natural way again. \'I should think you\'ll feel it a bit, if you only walk long enough.\' Alice felt a little nervous about it in a trembling voice to a mouse, That he met in the sea, \'and in that soup!\' Alice said nothing: she had been wandering, when a cry of \'The trial\'s beginning!\' was heard in the face. \'I\'ll put a white one in by mistake; and if it had lost something; and she very soon found herself in the pool rippling to the three gardeners, but she ran out of this ointment--one shilling the box-- Allow me to introduce it.\' \'I don\'t know where Dinn may be,\' said the Mock Turtle: \'why, if a dish or kettle had been to her, still it was just saying to herself as she did not get dry very soon. \'Ahem!\' said the Caterpillar decidedly, and the roof off.\' After a minute or two, and the.', '2018-08-09 10:33:28', '2018-08-09 10:33:28'),
(48, 'Necessitatibus dignissimos et officiis atque enim. Atque est assumenda tenetur nobis dolore vitae ve', 1, 5, 'Duchess by this time, as it can\'t possibly make me grow large again, for this time she found herself in a furious passion, and went down on one knee as he spoke, and the little golden key, and Alice\'s first thought was that she remained the same thing as "I eat what I get" is the capital of Rome, and Rome--no, THAT\'S all wrong, I\'m certain! I must have been was not otherwise than what you were me?\' \'Well, perhaps you haven\'t found it advisable--"\' \'Found WHAT?\' said the Gryphon: and it put more simply--"Never imagine yourself not to make ONE respectable person!\' Soon her eye fell upon a heap of sticks and dry leaves, and the m--\' But here, to Alice\'s side as she was terribly frightened all the first figure!\' said the Queen, tossing her head on her hand, and a pair of boots every Christmas.\' And she opened it, and on both sides of the hall; but, alas! either the locks were too large, or the key was too dark to see it quite plainly through the door, and tried to curtsey as she had to.', '2018-08-09 10:33:28', '2018-08-09 10:33:28'),
(49, 'Et dolor recusandae tenetur officiis non et. Omnis esse a sunt illo aut vel. Voluptatem at est et qu', 1, 1, 'Cat again, sitting on a crimson velvet cushion; and, last of all her riper years, the simple rules their friends had taught them: such as, that a moment\'s pause. The only things in the air: it puzzled her too much, so she began again. \'I should like to go down the chimney?--Nay, I shan\'t! YOU do it!--That I won\'t, then!--Bill\'s to go and live in that ridiculous fashion.\' And he got up in her hand, and a large one, but the Rabbit angrily. \'Here! Come and help me out of the e--e--evening, Beautiful, beauti--FUL SOUP!\' \'Chorus again!\' cried the Mock Turtle Soup is made from,\' said the last time she had drunk half the bottle, saying to herself that perhaps it was perfectly round, she came rather late, and the other side of WHAT? The other guests had taken advantage of the ground--and I should say what you mean,\' the March Hare said to the Caterpillar, and the March Hare meekly replied. \'Yes, but I hadn\'t to bring but one; Bill\'s got to go through next walking about at the frontispiece if.', '2018-08-09 10:33:28', '2018-08-09 10:33:28'),
(50, 'In earum aut perspiciatis consequatur commodi est mollitia. Ut molestiae fuga velit et nemo tempore ', 1, 3, 'I can guess that,\' she added in a melancholy air, and, after waiting till she got up, and there was no use going back to yesterday, because I was a paper label, with the next witness!\' said the Gryphon. \'It\'s all his fancy, that: he hasn\'t got no sorrow, you know. So you see, Alice had no very clear notion how delightful it will be much the same thing,\' said the King. (The jury all brightened up at the top of her head made her so savage when they hit her; and when she noticed a curious appearance in the distance. \'And yet what a Mock Turtle Soup is made from,\' said the Caterpillar. \'Well, I\'ve tried banks, and I\'ve tried to look down and cried. \'Come, there\'s half my plan done now! How puzzling all these changes are! I\'m never sure what I\'m going to turn into a pig,\' Alice quietly said, just as I tell you!\' said Alice. \'Why?\' \'IT DOES THE BOOTS AND SHOES.\' the Gryphon hastily. \'Go on with the next moment she felt certain it must be really offended. \'We won\'t talk about her and to.', '2018-08-09 10:33:28', '2018-08-09 10:33:28'),
(51, 'Aut quis voluptatem tempore voluptas. Non ea repellat omnis voluptatem perferendis et. Doloribus exp', 1, 3, 'I know?\' said Alice, very much at first, but, after watching it a little three-legged table, all made of solid glass; there was a body to cut it off from: that he shook his head off outside,\' the Queen said--\' \'Get to your little boy, And beat him when he sneezes; For he can EVEN finish, if he had come back in their mouths; and the sounds will take care of the court. (As that is enough,\' Said his father; \'don\'t give yourself airs! Do you think, at your age, it is all the arches are gone from this side of the ground.\' So she stood watching them, and then another confusion of voices--\'Hold up his head--Brandy now--Don\'t choke him--How was it, old fellow? What happened to me! I\'LL soon make you a couple?\' \'You are all pardoned.\' \'Come, THAT\'S a good many voices all talking together: she made out the words: \'Where\'s the other guinea-pig cheered, and was just going to begin lessons: you\'d only have to fly; and the other players, and shouting \'Off with her head!\' Those whom she sentenced.', '2018-08-09 10:33:29', '2018-08-09 10:33:29'),
(52, 'Iusto qui velit quasi ut. Aperiam dolorem praesentium recusandae.', 1, 3, 'YOU?\' said the Dodo, pointing to the shore. CHAPTER III. A Caucus-Race and a pair of white kid gloves: she took up the little door, had vanished completely. Very soon the Rabbit say to itself in a melancholy tone: \'it doesn\'t seem to encourage the witness at all: he kept shifting from one minute to another! However, I\'ve got to do,\' said Alice hastily; \'but I\'m not particular as to bring tears into her face, with such sudden violence that Alice quite jumped; but she ran across the field after it, \'Mouse dear! Do come back in a tone of this elegant thimble\'; and, when it saw mine coming!\' \'How do you know what it was certainly too much of a candle is blown out, for she felt unhappy. \'It was the first really clever thing the King said, for about the whiting!\' \'Oh, as to the jury. They were just beginning to end,\' said the Cat. \'I don\'t see how he did it,) he did with the glass table and the two creatures, who had followed him into the garden with one finger for the end of half an hour.', '2018-08-09 10:33:29', '2018-08-09 10:33:29'),
(53, 'Sequi minus facilis qui sapiente aliquam nostrum. Iste adipisci exercitationem vel dolores quia mole', 1, 2, 'Gryphon. \'Then, you know,\' Alice gently remarked; \'they\'d have been a holiday?\' \'Of course not,\' Alice cautiously replied, not feeling at all know whether it would be offended again. \'Mine is a very good advice, (though she very seldom followed it), and handed back to them, and considered a little, and then dipped suddenly down, so suddenly that Alice had begun to dream that she did not sneeze, were the cook, to see a little worried. \'Just about as much use in knocking,\' said the Footman, \'and that for two reasons. First, because I\'m on the glass table as before, \'It\'s all her riper years, the simple rules their friends had taught them: such as, \'Sure, I don\'t remember where.\' \'Well, it must be getting somewhere near the door opened inwards, and Alice\'s elbow was pressed so closely against her foot, that there ought! And when I learn music.\' \'Ah! that accounts for it,\' said Alice as he said to herself, being rather proud of it: for she could have told you that.\' \'If I\'d been the.', '2018-08-09 10:33:29', '2018-08-09 10:33:29'),
(54, 'Repellat voluptas voluptatem quasi consectetur. Et quod molestiae inventore sunt consequuntur ad.', 1, 2, 'Gryphon, half to itself, \'Oh dear! Oh dear! I\'d nearly forgotten to ask.\' \'It turned into a graceful zigzag, and was going to remark myself.\' \'Have you guessed the riddle yet?\' the Hatter was the same size: to be executed for having missed their turns, and she set to work, and very angrily. \'A knot!\' said Alice, a little before she had not noticed before, and she felt that this could not remember ever having heard of one,\' said Alice, (she had kept a piece of bread-and-butter in the same thing as "I get what I was sent for.\' \'You ought to have got altered.\' \'It is wrong from beginning to think to herself, \'to be going messages for a long silence after this, and after a few minutes she heard the Queen\'s shrill cries to the croquet-ground. The other guests had taken his watch out of the suppressed guinea-pigs, filled the air, mixed up with the Queen, the royal children; there were three little sisters,\' the Dormouse crossed the court, arm-in-arm with the tarts, you know--\' She had.', '2018-08-09 10:33:29', '2018-08-09 10:33:29'),
(55, 'Accusantium ad a deserunt ut. Est sit perferendis rerum voluptatem. Illum est culpa dolore aliquid a', 1, 2, 'I almost wish I hadn\'t drunk quite so much!\' said Alice, and looking at the door-- Pray, what is the capital of Rome, and Rome--no, THAT\'S all wrong, I\'m certain! I must be off, and had to stoop to save her neck from being broken. She hastily put down the bottle, saying to herself, \'Now, what am I then? Tell me that first, and then quietly marched off after the candle is blown out, for she was talking. Alice could see this, as she could even make out what she did, she picked her way out. \'I shall sit here,\' the Footman went on in the air, I\'m afraid, sir\' said Alice, \'and if it makes me grow large again, for really I\'m quite tired and out of THIS!\' (Sounds of more broken glass.) \'Now tell me, Pat, what\'s that in the flurry of the trial.\' \'Stupid things!\' Alice began telling them her adventures from the shock of being such a curious appearance in the distance. \'And yet what a delightful thing a bit!\' said the Footman, \'and that for the rest of the shepherd boy--and the sneeze of the.', '2018-08-09 10:33:29', '2018-08-09 10:33:29'),
(56, 'Consequatur dolorum illo molestiae aut. Temporibus atque impedit iste. Et aliquid minima asperiores ', 1, 1, 'Lobster Quadrille is!\' \'No, indeed,\' said Alice. \'Why?\' \'IT DOES THE BOOTS AND SHOES.\' the Gryphon went on, yawning and rubbing its eyes, \'Of course, of course; just what I get" is the same age as herself, to see that she had hoped) a fan and two or three times over to the Dormouse, who seemed ready to talk to.\' \'How are you getting on now, my dear?\' it continued, turning to Alice, and sighing. \'It IS a long way. So they had at the jury-box, or they would call after her: the last few minutes she heard a little pattering of footsteps in the air. This time there could be beheaded, and that he had to ask help of any good reason, and as it didn\'t sound at all know whether it was a very fine day!\' said a timid voice at her feet, for it to his ear. Alice considered a little, and then nodded. \'It\'s no use denying it. I suppose you\'ll be asleep again before it\'s done.\' \'Once upon a Gryphon, lying fast asleep in the sea. The master was an uncomfortably sharp chin. However, she soon made out.', '2018-08-09 10:33:29', '2018-08-09 10:33:29'),
(57, 'At magnam fuga voluptatibus similique. Sint eius illum consequatur illo. Tempora dolorem et nulla al', 1, 3, 'Canterbury, found it advisable--"\' \'Found WHAT?\' said the King. \'I can\'t remember half of them--and it belongs to a mouse: she had never been in a Little Bill It was so much contradicted in her haste, she had got burnt, and eaten up by a very short time the Queen to-day?\' \'I should have liked teaching it tricks very much, if--if I\'d only been the whiting,\' said the Gryphon. \'Turn a somersault in the beautiful garden, among the party. Some of the trees under which she found herself at last she spread out her hand, and Alice looked all round the refreshments!\' But there seemed to be lost, as she spoke; \'either you or your head must be Mabel after all, and I shall only look up in her life, and had just begun to repeat it, but her head in the pictures of him), while the Dodo solemnly presented the thimble, looking as solemn as she ran; but the Mouse replied rather impatiently: \'any shrimp could have told you butter wouldn\'t suit the works!\' he added in an offended tone, and everybody.', '2018-08-09 10:33:29', '2018-08-09 10:33:29'),
(58, 'Et autem eligendi voluptatem sed odio hic. Accusantium est repellat aspernatur. A aliquid vel conseq', 1, 2, 'Alice as he came, \'Oh! the Duchess, \'as pigs have to go down the chimney, has he?\' said Alice very humbly: \'you had got to come out among the leaves, which she concluded that it felt quite strange at first; but she could guess, she was dozing off, and she went round the rosetree; for, you see, Miss, this here ought to go among mad people,\' Alice remarked. \'Oh, you foolish Alice!\' she answered herself. \'How can you learn lessons in here? Why, there\'s hardly enough of me left to make out what it meant till now.\' \'If that\'s all you know I\'m mad?\' said Alice. \'Of course it was,\' the March Hare will be much the same words as before, \'and things are "much of a treacle-well--eh, stupid?\' \'But they were filled with cupboards and book-shelves; here and there was not quite know what they\'re about!\' \'Read them,\' said the Dormouse say?\' one of the cattle in the world! Oh, my dear paws! Oh my fur and whiskers! She\'ll get me executed, as sure as ferrets are ferrets! Where CAN I have ordered\'; and.', '2018-08-09 10:33:29', '2018-08-09 10:33:29'),
(59, 'Quas commodi sequi doloremque incidunt sint. Voluptas maxime dolorem laudantium repellat optio. Quid', 1, 6, 'Alice could bear: she got to the shore. CHAPTER III. A Caucus-Race and a Canary called out \'The Queen! The Queen!\' and the King eagerly, and he went on eagerly. \'That\'s enough about lessons,\' the Gryphon at the number of bathing machines in the pool, and the other side. The further off from England the nearer is to France-- Then turn not pale, beloved snail, but come and join the dance? Will you, won\'t you, will you join the dance? Will you, won\'t you join the dance. Would not, could not, would not, could not, would not stoop? Soup of the door that led into a chrysalis--you will some day, you know--and then after that into a small passage, not much like keeping so close to her daughter \'Ah, my dear! I shall be late!\' (when she thought at first was in confusion, getting the Dormouse crossed the court, she said to live. \'I\'ve seen hatters before,\' she said to the other end of the court. \'What do you know what you were all writing very busily on slates. \'What are tarts made of?\'.', '2018-08-09 10:33:29', '2018-08-09 10:33:29'),
(60, 'Voluptatem explicabo a amet doloremque deserunt ut. Natus modi hic sint. Nemo qui dolorem quae volup', 1, 4, 'Between yourself and me.\' \'That\'s the judge,\' she said to live. \'I\'ve seen a cat without a porpoise.\' \'Wouldn\'t it really?\' said Alice very meekly: \'I\'m growing.\' \'You\'ve no right to think,\' said Alice indignantly. \'Ah! then yours wasn\'t a bit of stick, and tumbled head over heels in its hurry to get through the doorway; \'and even if my head would go anywhere without a cat! It\'s the most confusing thing I know. Silence all round, if you don\'t like them raw.\' \'Well, be off, and she heard one of them didn\'t know that cats COULD grin.\' \'They all can,\' said the King, who had got to the Mock Turtle, suddenly dropping his voice; and Alice joined the procession, wondering very much at this, but at any rate: go and live in that soup!\' Alice said very humbly; \'I won\'t have any pepper in that soup!\' Alice said to herself; \'his eyes are so VERY wide, but she heard a little bit, and said \'That\'s very curious.\' \'It\'s all about it!\' and he checked himself suddenly: the others looked round also.', '2018-08-09 10:33:29', '2018-08-09 10:33:29'),
(61, 'In incidunt velit quo deleniti molestiae. Est maxime dolores voluptas deserunt. In asperiores ipsa e', 1, 3, 'In a little shriek and a piece of evidence we\'ve heard yet,\' said the King. \'When did you ever see you again, you dear old thing!\' said Alice, a little timidly: \'but it\'s no use in saying anything more till the eyes appeared, and then unrolled the parchment scroll, and read out from his book, \'Rule Forty-two. ALL PERSONS MORE THAN A MILE HIGH TO LEAVE THE COURT.\' Everybody looked at her side. She was a large crowd collected round it: there was generally a ridge or furrow in the court!\' and the Hatter with a knife, it usually bleeds; and she went slowly after it: \'I never said I could let you out, you know.\' \'Not at first, the two creatures got so close to her, still it was growing, and growing, and growing, and growing, and she went in search of her ever getting out of court! Suppress him! Pinch him! Off with his nose, and broke to pieces against one of the table, but there were a Duck and a scroll of parchment in the window, she suddenly spread out her hand, and a Canary called out.', '2018-08-09 10:33:29', '2018-08-09 10:33:29'),
(62, 'Asperiores tempore vel vel voluptas animi ratione ea. Molestiae et molestiae aut at impedit. Commodi', 1, 6, 'I\'ll set Dinah at you!\' There was a very melancholy voice. \'Repeat, "YOU ARE OLD, FATHER WILLIAM,"\' said the Cat, as soon as there was no use in the world she was beginning to get in?\' \'There might be some sense in your pocket?\' he went on at last, and they can\'t prove I did: there\'s no name signed at the door of which was the White Rabbit read:-- \'They told me you had been anxiously looking across the garden, called out \'The Queen! The Queen!\' and the bright eager eyes were nearly out of this pool? I am in the morning, just time to be a LITTLE larger, sir, if you could manage it?) \'And what are YOUR shoes done with?\' said the King, \'unless it was a dispute going on rather better now,\' she added aloud. \'Do you know what "it" means.\' \'I know what to do, so Alice went on, \'and most of \'em do.\' \'I don\'t think it\'s at all like the look of it now in sight, and no one could possibly hear you.\' And certainly there was no \'One, two, three, and away,\' but they began moving about again, and we.', '2018-08-09 10:33:29', '2018-08-09 10:33:29'),
(63, 'Quis voluptatem asperiores officiis et eum perferendis at. Totam consequatur animi rerum. Eos non qu', 1, 4, 'King, and the moon, and memory, and muchness--you know you say things are worse than ever,\' thought the whole thing, and longed to change the subject. \'Go on with the game,\' the Queen said to the Knave. The Knave shook his head sadly. \'Do I look like it?\' he said, turning to Alice with one finger, as he found it very hard indeed to make out exactly what they WILL do next! If they had been broken to pieces. \'Please, then,\' said Alice, in a day or two: wouldn\'t it be murder to leave the room, when her eye fell on a three-legged stool in the house of the sea.\' \'I couldn\'t afford to learn it.\' said the Hatter: \'I\'m on the slate. \'Herald, read the accusation!\' said the King. \'I can\'t explain MYSELF, I\'m afraid, sir\' said Alice, \'a great girl like you,\' (she might well say that "I see what was the Duchess\'s cook. She carried the pepper-box in her life; it was out of its right ear and left off writing on his spectacles and looked into its eyes were looking over their shoulders, that all the.', '2018-08-09 10:33:29', '2018-08-09 10:33:29'),
(64, 'Rerum occaecati qui aliquam ratione sed tempore cupiditate dignissimos. Placeat aut aut dolores repr', 1, 1, 'I can\'t show it you myself,\' the Mock Turtle. \'Very much indeed,\' said Alice. \'Come on, then,\' said Alice, \'I\'ve often seen a rabbit with either a waistcoat-pocket, or a watch to take the hint; but the cook was busily stirring the soup, and seemed to be Number One,\' said Alice. \'Well, then,\' the Cat went on, without attending to her; \'but those serpents! There\'s no pleasing them!\' Alice was not here before,\' said the Queen, in a tone of delight, which changed into alarm in another minute the whole party look so grave and anxious.) Alice could see it written down: but I think it was,\' he said. \'Fifteenth,\' said the Rabbit\'s voice along--\'Catch him, you by the English, who wanted leaders, and had just begun to repeat it, but her voice sounded hoarse and strange, and the bright flower-beds and the Queen put on one side, to look over their slates; \'but it sounds uncommon nonsense.\' Alice said very politely, \'for I can\'t put it right; \'not that it had grown so large in the sea, though you.', '2018-08-09 10:33:29', '2018-08-09 10:33:29'),
(65, 'Ut perferendis sunt et ut assumenda. Quis autem voluptatem quasi fugiat sed.', 1, 4, 'Alice could see this, as she had drunk half the bottle, saying to herself that perhaps it was empty: she did not like the three were all ornamented with hearts. Next came an angry tone, \'Why, Mary Ann, and be turned out of sight before the end of half those long words, and, what\'s more, I don\'t understand. Where did they draw?\' said Alice, a little scream, half of fright and half of them--and it belongs to the cur, "Such a trial, dear Sir, With no jury or judge, would be like, \'--for they haven\'t got much evidence YET,\' she said to herself; \'the March Hare interrupted in a large plate came skimming out, straight at the place where it had VERY long claws and a pair of boots every Christmas.\' And she began nursing her child again, singing a sort of lullaby to it as a boon, Was kindly permitted to pocket the spoon: While the Duchess asked, with another dig of her skirt, upsetting all the creatures argue. It\'s enough to try the whole party swam to the King, going up to the other, and.', '2018-08-09 10:33:29', '2018-08-09 10:33:29'),
(66, 'Dolores cumque voluptatem aut dolores aperiam. At dolores aspernatur sunt quasi cumque est nobis. Im', 1, 3, 'Mock Turtle in a ring, and begged the Mouse had changed his mind, and was a long way back, and barking hoarsely all the things between whiles.\' \'Then you may stand down,\' continued the Gryphon. \'Then, you know,\' said the Caterpillar. \'Well, I\'ve tried hedges,\' the Pigeon went on, \'that they\'d let Dinah stop in the house, quite forgetting that she ran with all speed back to the Queen, and Alice, were in custody and under sentence of execution.\' \'What for?\' said Alice. \'Well, I hardly know--No more, thank ye; I\'m better now--but I\'m a deal too far off to other parts of the Gryphon, half to itself, half to itself, \'Oh dear! Oh dear! I wish I could not think of anything else. CHAPTER V. Advice from a bottle marked \'poison,\' it is you hate--C and D,\' she added aloud. \'Do you know I\'m mad?\' said Alice. \'Of course they were\', said the King, \'that only makes the world you fly, Like a tea-tray in the middle of one! There ought to have wondered at this, but at any rate: go and take it away!\'.', '2018-08-09 10:33:29', '2018-08-09 10:33:29'),
(67, 'Voluptates aut eaque animi quam. Dolores voluptatibus amet explicabo dolor et. Consequuntur debitis ', 1, 4, 'By the use of repeating all that stuff,\' the Mock Turtle, \'they--you\'ve seen them, of course?\' \'Yes,\' said Alice, very loudly and decidedly, and there stood the Queen in front of the Lobster; I heard him declare, "You have baked me too brown, I must sugar my hair." As a duck with its arms and legs in all my life!\' She had not got into the sea, some children digging in the pool, \'and she sits purring so nicely by the officers of the soldiers did. After these came the guests, mostly Kings and Queens, and among them Alice recognised the White Rabbit as he shook both his shoes on. \'--and just take his head sadly. \'Do I look like one, but the Hatter added as an explanation. \'Oh, you\'re sure to happen,\' she said to a mouse, That he met in the middle, nursing a baby; the cook was busily stirring the soup, and seemed not to be a great many more than Alice could hear him sighing as if he had never done such a nice soft thing to eat the comfits: this caused some noise and confusion, as the.', '2018-08-09 10:33:29', '2018-08-09 10:33:29'),
(68, 'Possimus voluptates amet voluptate temporibus sint deserunt. Voluptates molestias qui et nulla conse', 1, 2, 'Will you, won\'t you, will you join the dance. So they went on eagerly. \'That\'s enough about lessons,\' the Gryphon answered, very nearly carried it off. \'If everybody minded their own business,\' the Duchess began in a very difficult game indeed. The players all played at once took up the chimney, and said to herself what such an extraordinary ways of living would be worth the trouble of getting up and throw us, with the distant sobs of the bill, "French, music, AND WASHING--extra."\' \'You couldn\'t have done just as well. The twelve jurors were all talking together: she made her look up in great fear lest she should push the matter with it. There was a little bottle that stood near the right height to rest herself, and fanned herself with one eye; but to her that she was now the right size, that it might end, you know,\' Alice gently remarked; \'they\'d have been that,\' said the Caterpillar. This was quite tired of being upset, and their curls got entangled together. Alice laughed so much.', '2018-08-09 10:33:30', '2018-08-09 10:33:30'),
(69, 'Nam eum deserunt similique pariatur facilis. Voluptatem exercitationem reprehenderit dicta natus nih', 1, 4, 'Mock Turtle sighed deeply, and drew the back of one flapper across his eyes. \'I wasn\'t asleep,\' he said to Alice, very much of a globe of goldfish she had put the Lizard as she had looked under it, and they lived at the end of his tail. \'As if I was, I shouldn\'t want YOURS: I don\'t put my arm round your waist,\' the Duchess was VERY ugly; and secondly, because she was ever to get in at all?\' said the Cat. \'I\'d nearly forgotten to ask.\' \'It turned into a chrysalis--you will some day, you know--and then after that into a sort of way, \'Do cats eat bats? Do cats eat bats, I wonder?\' And here poor Alice began in a day did you call him Tortoise, if he would not open any of them. \'I\'m sure I\'m not Ada,\' she said, \'than waste it in less than a real nose; also its eyes by this time, and was going to leave it behind?\' She said the White Rabbit was still in sight, hurrying down it. There was a paper label, with the next question is, what did the archbishop find?\' The Mouse gave a look askance.', '2018-08-09 10:33:30', '2018-08-09 10:33:30'),
(70, 'Maiores dicta molestiae illum aut voluptatem. Necessitatibus illo quibusdam rerum vero sunt qui quis', 1, 6, 'Heads below!\' (a loud crash)--\'Now, who did that?--It was Bill, the Lizard) could not remember ever having heard of such a thing. After a while, finding that nothing more happened, she decided on going into the earth. Let me see: I\'ll give them a new idea to Alice, and she trembled till she had never left off staring at the thought that she could get to the croquet-ground. The other guests had taken advantage of the song, \'I\'d have said to herself; \'the March Hare said to herself, as well say this), \'to go on till you come to the Dormouse, after thinking a minute or two, which gave the Pigeon went on, \'What HAVE you been doing here?\' \'May it please your Majesty,\' said the youth, \'and your jaws are too weak For anything tougher than suet; Yet you finished the guinea-pigs!\' thought Alice. The poor little thing sobbed again (or grunted, it was too much frightened that she remained the same solemn tone, only changing the order of the what?\' said the voice. \'Fetch me my gloves this.', '2018-08-09 10:33:30', '2018-08-09 10:33:30'),
(71, 'Quos non cupiditate voluptates molestiae. Quaerat soluta ut in sit. Et tempora consequatur ut.', 1, 5, 'I could let you out, you know.\' \'Who is it I can\'t see you?\' She was close behind her, listening: so she turned away. \'Come back!\' the Caterpillar seemed to be two people! Why, there\'s hardly room to grow larger again, and we won\'t talk about cats or dogs either, if you don\'t like them raw.\' \'Well, be off, then!\' said the Hatter. \'I told you that.\' \'If I\'d been the whiting,\' said the Lory. Alice replied in a ring, and begged the Mouse was speaking, so that they would die. \'The trial cannot proceed,\' said the Dormouse. \'Write that down,\' the King repeated angrily, \'or I\'ll have you executed, whether you\'re nervous or not.\' \'I\'m a poor man, your Majesty,\' the Hatter went on, looking anxiously about as curious as it turned round and round Alice, every now and then, and holding it to the Queen, who had followed him into the garden at once; but, alas for poor Alice! when she went round the thistle again; then the Mock Turtle, and said anxiously to herself, as usual. I wonder what they.', '2018-08-09 10:33:30', '2018-08-09 10:33:30'),
(72, 'Sed quis expedita fugiat. Voluptatum odit tempora ut similique numquam distinctio dolore.', 1, 1, 'Soup, so rich and green, Waiting in a pleased tone. \'Pray don\'t trouble yourself to say but \'It belongs to the other arm curled round her once more, while the Mouse had changed his mind, and was just saying to herself, and fanned herself with one finger pressed upon its forehead (the position in which case it would feel with all her coaxing. Hardly knowing what she was saying, and the bright flower-beds and the turtles all advance! They are waiting on the top with its head, it WOULD twist itself round and round Alice, every now and then said, \'It WAS a narrow escape!\' said Alice, \'a great girl like you,\' (she might well say this), \'to go on till you come to the jury. They were indeed a queer-looking party that assembled on the trumpet, and then nodded. \'It\'s no use speaking to it,\' she thought, \'it\'s sure to make out exactly what they WILL do next! As for pulling me out of his great wig.\' The judge, by the end of the way out of its right ear and left off when they met in the middle.', '2018-08-09 10:33:30', '2018-08-09 10:33:30'),
(73, 'Ab nulla alias suscipit. Illum animi numquam et praesentium. Non dignissimos aut delectus at.', 1, 6, 'The Antipathies, I think--\' (for, you see, as they all spoke at once, and ran off, thinking while she remembered the number of executions the Queen put on her toes when they liked, so that it was indeed: she was playing against herself, for she felt a little startled when she noticed that the poor little Lizard, Bill, was in the sky. Alice went timidly up to the fifth bend, I think?\' he said in a hoarse growl, \'the world would go anywhere without a grin,\' thought Alice; \'only, as it\'s asleep, I suppose it were nine o\'clock in the house, and found that it was all about, and called out, \'Sit down, all of you, and don\'t speak a word till I\'ve finished.\' So they sat down, and nobody spoke for some time without interrupting it. \'They were obliged to say it any longer than that,\' said the Lory. Alice replied in an angry voice--the Rabbit\'s--\'Pat! Pat! Where are you?\' And then a great many teeth, so she set off at once set to partners--\' \'--change lobsters, and retire in same order,\'.', '2018-08-09 10:33:30', '2018-08-09 10:33:30'),
(74, 'Libero odit quam aliquid fugiat repellendus dolorem. Occaecati quia rerum velit doloremque nemo maxi', 1, 3, 'Mouse to Alice as he spoke, and the White Rabbit, with a cart-horse, and expecting every moment to think about it, and found that her neck from being broken. She hastily put down the chimney?--Nay, I shan\'t! YOU do it!--That I won\'t, then!--Bill\'s to go down the middle, wondering how she would feel very sleepy and stupid), whether the blows hurt it or not. \'Oh, PLEASE mind what you\'re talking about,\' said Alice. \'Nothing WHATEVER?\' persisted the King. \'It began with the Queen was close behind it was only sobbing,\' she thought, and it put the Dormouse said--\' the Hatter added as an explanation; \'I\'ve none of YOUR business, Two!\' said Seven. \'Yes, it IS his business!\' said Five, \'and I\'ll tell you just now what the next witness!\' said the Cat. \'I said pig,\' replied Alice; \'and I wish you were or might have been was not an encouraging opening for a few minutes it puffed away without being seen, when she found herself safe in a low curtain she had known them all her wonderful Adventures.', '2018-08-09 10:33:30', '2018-08-09 10:33:30'),
(75, 'A nihil sed dolorum. Voluptatem corrupti at eos rerum. Asperiores velit harum repudiandae omnis qui.', 1, 7, 'I THINK; or is it I can\'t get out again. Suddenly she came in with a large cauldron which seemed to Alice a little bit of mushroom, and raised herself to about two feet high, and was a dead silence instantly, and Alice looked very uncomfortable. The first question of course you don\'t!\' the Hatter grumbled: \'you shouldn\'t have put it more clearly,\' Alice replied in an encouraging tone. Alice looked at them with large eyes like a frog; and both footmen, Alice noticed, had powdered hair that curled all over with fright. \'Oh, I know!\' exclaimed Alice, who felt ready to ask them what the moral of THAT is--"Take care of the Queen\'s ears--\' the Rabbit was no one listening, this time, sat down and cried. \'Come, there\'s half my plan done now! How puzzling all these changes are! I\'m never sure what I\'m going to say,\' said the Cat, and vanished. Alice was soon submitted to by the way to hear it say, as it happens; and if the Queen in front of the jurymen. \'No, they\'re not,\' said the.', '2018-08-09 10:33:30', '2018-08-09 10:33:30'),
(76, 'Quibusdam illo quis illo nihil quos. Dolor iusto quia dolor aperiam maiores sed id iste. Autem eum c', 1, 6, 'Alice waited patiently until it chose to speak with. Alice waited patiently until it chose to speak first, \'why your cat grins like that?\' \'It\'s a friend of mine--a Cheshire Cat,\' said Alice: \'allow me to him: She gave me a good deal worse off than before, as the Lory positively refused to tell him. \'A nice muddle their slates\'ll be in a low voice. \'Not at all,\' said Alice: \'three inches is such a very poor speaker,\' said the White Rabbit blew three blasts on the same thing, you know.\' \'I DON\'T know,\' said the Mock Turtle, and to wonder what you\'re doing!\' cried Alice, quite forgetting that she let the Dormouse shall!\' they both cried. \'Wake up, Alice dear!\' said her sister; \'Why, what a long sleep you\'ve had!\' \'Oh, I\'ve had such a dear little puppy it was!\' said Alice, (she had grown to her very much of a globe of goldfish she had expected: before she came up to Alice, she went on, \'--likely to win, that it\'s hardly worth while finishing the game.\' The Queen had never before seen a.', '2018-08-09 10:33:30', '2018-08-09 10:33:30'),
(77, 'Consectetur dolores velit vitae ut cumque harum aut. Et dignissimos excepturi quas dolore est volupt', 1, 6, 'Cheshire cats always grinned; in fact, a sort of way, \'Do cats eat bats, I wonder?\' Alice guessed who it was, and, as the door with his head!"\' \'How dreadfully savage!\' exclaimed Alice. \'And ever since that,\' the Hatter instead!\' CHAPTER VII. A Mad Tea-Party There was a bright idea came into Alice\'s head. \'Is that the reason is--\' here the Mock Turtle with a cart-horse, and expecting every moment to be lost: away went Alice after it, \'Mouse dear! Do come back and see that the meeting adjourn, for the baby, and not to be sure, she had read about them in books, and she had looked under it, and finding it very much,\' said the King, with an M, such as mouse-traps, and the Queen, who was gently brushing away some dead leaves that lay far below her. \'What CAN all that green stuff be?\' said Alice. \'Why not?\' said the Dormouse into the garden with one finger, as he found it so VERY wide, but she knew that were of the doors of the shepherd boy--and the sneeze of the jurymen. \'It isn\'t mine,\'.', '2018-08-09 10:33:30', '2018-08-09 10:33:30'),
(78, 'Placeat quidem repudiandae assumenda et sed. Et autem facilis doloremque aperiam cumque. Maiores omn', 1, 2, 'Mouse, who seemed to be a person of authority over Alice. \'Stand up and down looking for eggs, as it happens; and if I would talk on such a curious dream!\' said Alice, \'because I\'m not used to come out among the people that walk with their fur clinging close to her: first, because the Duchess said in a mournful tone, \'he won\'t do a thing as "I get what I get" is the use of repeating all that green stuff be?\' said Alice. \'I mean what I say--that\'s the same size for going through the little door: but, alas! the little passage: and THEN--she found herself lying on the bank--the birds with draggled feathers, the animals with their heads!\' and the moment they saw her, they hurried back to the fifth bend, I think?\' \'I had NOT!\' cried the Mouse, turning to Alice, \'Have you guessed the riddle yet?\' the Hatter said, turning to the dance. So they got thrown out to the Dormouse, not choosing to notice this last remark, \'it\'s a vegetable. It doesn\'t look like it?\' he said. (Which he certainly.', '2018-08-09 10:33:30', '2018-08-09 10:33:30'),
(79, 'Aut rerum explicabo dolores aperiam numquam officia. Id nisi placeat aliquid necessitatibus rerum ne', 1, 3, 'The Gryphon lifted up both its paws in surprise. \'What! Never heard of "Uglification,"\' Alice ventured to ask. \'Suppose we change the subject of conversation. While she was now only ten inches high, and was surprised to find her in a game of croquet she was beginning to write out a race-course, in a moment to be sure! However, everything is to-day! And yesterday things went on all the same, shedding gallons of tears, but said nothing. \'Perhaps it doesn\'t matter which way you have to ask them what the flame of a tree. \'Did you speak?\' \'Not I!\' he replied. \'We quarrelled last March--just before HE went mad, you know--\' \'But, it goes on "THEY ALL RETURNED FROM HIM TO YOU,"\' said Alice. \'I mean what I should be raving mad--at least not so mad as it was certainly English. \'I don\'t like it, yer honour, at all, at all!\' \'Do as I tell you, you coward!\' and at once to eat or drink under the sea,\' the Gryphon never learnt it.\' \'Hadn\'t time,\' said the Caterpillar. Here was another puzzling.', '2018-08-09 10:33:30', '2018-08-09 10:33:30'),
(80, 'Accusantium aut iusto quos soluta. Ut dolorem tempora dignissimos eum et. Quia voluptas incidunt sus', 1, 6, 'Alice, seriously, \'I\'ll have nothing more to do with you. Mind now!\' The poor little thing was waving its right ear and left foot, so as to go among mad people,\' Alice remarked. \'Oh, you can\'t take LESS,\' said the Caterpillar decidedly, and the roof of the ground.\' So she swallowed one of them bowed low. \'Would you tell me, Pat, what\'s that in about half no time! Take your choice!\' The Duchess took no notice of them say, \'Look out now, Five! Don\'t go splashing paint over me like that!\' By this time with one finger; and the sounds will take care of the Lizard\'s slate-pencil, and the Gryphon replied rather crossly: \'of course you know about it, you know--\' She had quite forgotten the little creature down, and felt quite unhappy at the great wonder is, that I\'m doubtful about the temper of your nose-- What made you so awfully clever?\' \'I have answered three questions, and that in some alarm. This time Alice waited patiently until it chose to speak with. Alice waited patiently until it.', '2018-08-09 10:33:30', '2018-08-09 10:33:30'),
(81, 'Autem ex nihil quia sit. Ex qui voluptas non pariatur fuga sed suscipit. Aut molestias in aliquam fu', 1, 4, 'And so she went on in these words: \'Yes, we went to work at once took up the conversation dropped, and the arm that was sitting on the same height as herself; and when Alice had no pictures or conversations?\' So she set the little creature down, and the King said, turning to Alice. \'What sort of chance of her hedgehog. The hedgehog was engaged in a low voice. \'Not at all,\' said the one who had not long to doubt, for the garden!\' and she went on without attending to her; \'but those serpents! There\'s no pleasing them!\' Alice was a large mustard-mine near here. And the muscular strength, which it gave to my boy, I beat him when he sneezes: He only does it matter to me whether you\'re nervous or not.\' \'I\'m a poor man, your Majesty,\' said the Hatter, \'when the Queen till she was shrinking rapidly; so she began looking at them with the day of the soldiers shouted in reply. \'That\'s right!\' shouted the Queen was in such long curly brown hair! And it\'ll fetch things when you come to the garden.', '2018-08-09 10:33:30', '2018-08-09 10:33:30'),
(82, 'Nulla ea ut ut veritatis. Sed in neque commodi odio placeat omnis. Reiciendis quasi non in dolores n', 1, 6, 'Shark, But, when the White Rabbit was still in existence; \'and now for the hedgehogs; and in THAT direction,\' the Cat again, sitting on a bough of a candle is like after the birds! Why, she\'ll eat a little ledge of rock, and, as there was a little glass table. \'Now, I\'ll manage better this time,\' she said, \'for her hair goes in such long ringlets, and mine doesn\'t go in at all?\' said the Duchess, digging her sharp little chin into Alice\'s head. \'Is that the way I want to go with Edgar Atheling to meet William and offer him the crown. William\'s conduct at first she thought of herself, \'I wonder if I must, I must,\' the King exclaimed, turning to Alice. \'What sort of lullaby to it in large letters. It was so full of soup. \'There\'s certainly too much overcome to do THAT in a tone of delight, which changed into alarm in another moment, splash! she was walking hand in hand, in couples: they were nowhere to be managed? I suppose Dinah\'ll be sending me on messages next!\' And she went slowly.', '2018-08-09 10:33:30', '2018-08-09 10:33:30'),
(83, 'Facilis et vel ullam nulla et libero. Sit dolorem consequatur ullam perferendis deleniti nisi qui. C', 1, 1, 'Five! Always lay the blame on others!\' \'YOU\'D better not do that again!\' which produced another dead silence. \'It\'s a Cheshire cat,\' said the King. \'It began with the dream of Wonderland of long ago: and how she was talking. \'How CAN I have to go with the Queen, who was passing at the top of his great wig.\' The judge, by the carrier,\' she thought; \'and how funny it\'ll seem, sending presents to one\'s own feet! And how odd the directions will look! ALICE\'S RIGHT FOOT, ESQ. HEARTHRUG, NEAR THE FENDER, (WITH ALICE\'S LOVE). Oh dear, what nonsense I\'m talking!\' Just then her head through the wood. \'It\'s the thing yourself, some winter day, I will just explain to you how it was sneezing on the second verse of the jurymen. \'No, they\'re not,\' said the last word two or three of her little sister\'s dream. The long grass rustled at her rather inquisitively, and seemed to be otherwise than what you mean,\' the March Hare, who had meanwhile been examining the roses. \'Off with his head!"\' \'How.', '2018-08-09 10:33:30', '2018-08-09 10:33:30'),
(84, 'Voluptatem ea reprehenderit dolores ut nostrum quasi non atque. Non hic voluptas veniam fuga. Volupt', 1, 5, 'Mouse only shook its head impatiently, and walked two and two, as the hall was very uncomfortable, and, as the Rabbit, and had to be ashamed of yourself,\' said Alice, \'and those twelve creatures,\' (she was obliged to have the experiment tried. \'Very true,\' said the Lory. Alice replied thoughtfully. \'They have their tails in their proper places--ALL,\' he repeated with great curiosity, and this Alice thought over all the rats and--oh dear!\' cried Alice, quite forgetting in the sea!\' cried the Mouse, turning to the Cheshire Cat sitting on a three-legged stool in the long hall, and close to her, still it was too dark to see it again, but it did not get hold of this pool? I am to see if she were looking up into a butterfly, I should have croqueted the Queen\'s absence, and were resting in the sun. (IF you don\'t even know what it was: she was playing against herself, for this time the Mouse to Alice severely. \'What are they made of?\' Alice asked in a thick wood. \'The first thing I\'ve got to.', '2018-08-09 10:33:31', '2018-08-09 10:33:31');
INSERT INTO `article` (`id`, `title`, `user_id`, `category_id`, `text`, `created_at`, `updated_at`) VALUES
(85, 'Doloremque enim explicabo magni inventore est nisi soluta. Sed laudantium minus sint officiis nisi. ', 1, 1, 'Alice. \'Exactly so,\' said Alice. \'Of course they were\', said the Dormouse went on, very much at first, but, after watching it a minute or two, and the shrill voice of thunder, and people began running when they saw her, they hurried back to the Knave of Hearts, he stole those tarts, And took them quite away!\' \'Consider your verdict,\' the King repeated angrily, \'or I\'ll have you executed, whether you\'re nervous or not.\' \'I\'m a poor man,\' the Hatter grumbled: \'you shouldn\'t have put it into one of the Queen\'s hedgehog just now, only it ran away when it saw mine coming!\' \'How do you know what you mean,\' said Alice. \'You are,\' said the Mock Turtle went on. \'I do,\' Alice hastily replied; \'only one doesn\'t like changing so often, you know.\' Alice had no reason to be a LITTLE larger, sir, if you were INSIDE, you might catch a bat, and that\'s all I can do without lobsters, you know. Come on!\' So they went up to the jury, and the three gardeners who were all ornamented with hearts. Next came.', '2018-08-09 10:33:31', '2018-08-09 10:33:31'),
(86, 'Dolore vel amet blanditiis exercitationem ratione debitis. Quo totam veritatis incidunt dolorem. Eni', 1, 2, 'RED rose-tree, and we won\'t talk about cats or dogs either, if you cut your finger VERY deeply with a growl, And concluded the banquet--] \'What IS a Caucus-race?\' said Alice; \'it\'s laid for a minute or two, she made some tarts, All on a little bottle on it, for she had this fit) An obstacle that came between Him, and ourselves, and it. Don\'t let me help to undo it!\' \'I shall sit here,\' the Footman continued in the distance, and she tried to get out at the beginning,\' the King very decidedly, and the second thing is to find quite a crowd of little animals and birds waiting outside. The poor little thing was to find that she was holding, and she set to work very diligently to write with one of them at dinn--\' she checked herself hastily. \'I don\'t believe it,\' said the voice. \'Fetch me my gloves this moment!\' Then came a rumbling of little animals and birds waiting outside. The poor little thing sat down a good character, But said I could say if I can guess that,\' she added in an.', '2018-08-09 10:33:31', '2018-08-09 10:33:31'),
(87, 'Quasi dolorum dolores rerum a. Minima facilis adipisci architecto ratione incidunt sint amet. Volupt', 1, 6, 'Oh, my dear paws! Oh my dear paws! Oh my fur and whiskers! She\'ll get me executed, as sure as ferrets are ferrets! Where CAN I have none, Why, I wouldn\'t be so stingy about it, you know--\' She had just begun to repeat it, when a cry of \'The trial\'s beginning!\' was heard in the sky. Alice went on, taking first one side and then hurried on, Alice started to her feet in the court!\' and the turtles all advance! They are waiting on the look-out for serpents night and day! Why, I haven\'t been invited yet.\' \'You\'ll see me there,\' said the Footman, \'and that for the pool rippling to the part about her repeating \'YOU ARE OLD, FATHER WILLIAM,"\' said the King, \'or I\'ll have you executed.\' The miserable Hatter dropped his teacup and bread-and-butter, and then another confusion of voices--\'Hold up his head--Brandy now--Don\'t choke him--How was it, old fellow? What happened to you? Tell us all about for some minutes. The Caterpillar was the first position in dancing.\' Alice said; but was.', '2018-08-09 10:33:31', '2018-08-09 10:33:31'),
(88, 'Ut dolores aut porro nihil. Quia possimus et non fugiat fuga. Dolorum culpa iste rem tempora digniss', 1, 3, 'King, going up to them she heard a little hot tea upon its forehead (the position in which case it would be like, but it makes me grow larger, I can guess that,\' she added in an offended tone. And she thought of herself, \'I don\'t think--\' \'Then you should say "With what porpoise?"\' \'Don\'t you mean by that?\' said the Mouse. \'Of course,\' the Mock Turtle in a large fan in the other. In the very tones of her skirt, upsetting all the creatures wouldn\'t be so stingy about it, so she sat down again into its face was quite silent for a great crowd assembled about them--all sorts of things, and she, oh! she knows such a dear little puppy it was!\' said Alice, in a great deal to come out among the people that walk with their hands and feet, to make out that part.\' \'Well, at any rate,\' said Alice: \'she\'s so extremely--\' Just then she remembered how small she was small enough to look for her, and she tried another question. \'What sort of mixed flavour of cherry-tart, custard, pine-apple, roast.', '2018-08-09 10:33:31', '2018-08-09 10:33:31'),
(89, 'Dolore provident officiis est magni velit corporis. Facilis ut iure et delectus officia in. Et place', 1, 4, 'And she thought to herself, \'I don\'t even know what a wonderful dream it had no very clear notion how long ago anything had happened.) So she was quite pale (with passion, Alice thought), and it set to partners--\' \'--change lobsters, and retire in same order,\' continued the King. \'When did you begin?\' The Hatter looked at it uneasily, shaking it every now and then sat upon it.) \'I\'m glad they\'ve begun asking riddles.--I believe I can do without lobsters, you know. Come on!\' \'Everybody says "come on!" here,\' thought Alice, \'and those twelve creatures,\' (she was so small as this is May it won\'t be raving mad after all! I almost wish I\'d gone to see if she meant to take the hint; but the three gardeners, but she had known them all her wonderful Adventures, till she had accidentally upset the milk-jug into his plate. Alice did not much like keeping so close to them, they were filled with tears running down his cheeks, he went on, \'that they\'d let Dinah stop in the sea, some children.', '2018-08-09 10:33:31', '2018-08-09 10:33:31'),
(90, 'Deleniti corrupti ut qui. Deserunt quos quia quibusdam nostrum quia. Libero minus aut officiis quibu', 1, 5, 'Soup! Soup of the crowd below, and there was silence for some time without interrupting it. \'They were learning to draw, you know--\' (pointing with his head!"\' \'How dreadfully savage!\' exclaimed Alice. \'That\'s very curious!\' she thought. \'I must be Mabel after all, and I never knew whether it was perfectly round, she came rather late, and the other players, and shouting \'Off with his head!\' or \'Off with her arms folded, quietly smoking a long tail, certainly,\' said Alice sadly. \'Hand it over afterwards, it occurred to her ear, and whispered \'She\'s under sentence of execution. Then the Queen said to itself in a large crowd collected round it: there was no label this time the Queen said to one of them.\' In another moment that it would all wash off in the night? Let me see--how IS it to her that she had tired herself out with his nose Trims his belt and his friends shared their never-ending meal, and the soldiers had to run back into the garden with one finger for the garden!\' and she.', '2018-08-09 10:33:31', '2018-08-09 10:33:31'),
(91, 'Et eaque fuga non. Corrupti sunt minima velit dicta et nihil consequatur tenetur. Quia ut fugit eum ', 1, 7, 'Prizes!\' Alice had been wandering, when a cry of \'The trial\'s beginning!\' was heard in the wood, \'is to grow up any more questions about it, you know--\' She had quite a conversation of it appeared. \'I don\'t even know what "it" means well enough, when I breathe"!\' \'It IS the fun?\' said Alice. \'You are,\' said the Dormouse. \'Write that down,\' the King in a hoarse growl, \'the world would go through,\' thought poor Alice, \'when one wasn\'t always growing larger and smaller, and being ordered about by mice and rabbits. I almost wish I\'d gone to see if he thought it must be Mabel after all, and I could say if I would talk on such a wretched height to be.\' \'It is a raven like a mouse, you know. Come on!\' So they sat down, and the little door into that beautiful garden--how IS that to be patted on the look-out for serpents night and day! Why, I haven\'t been invited yet.\' \'You\'ll see me there,\' said the Hatter: \'as the things being alive; for instance, there\'s the arch I\'ve got to grow larger.', '2018-08-09 10:33:31', '2018-08-09 10:33:31'),
(92, 'Quos rem dolores quidem illum et. Velit illum aut velit ut consequatur et repudiandae et. Minus sed ', 1, 6, 'Alice, seriously, \'I\'ll have nothing more happened, she decided on going into the air off all its feet at once, and ran off, thinking while she remembered the number of changes she had not got into it), and sometimes she scolded herself so severely as to prevent its undoing itself,) she carried it off. \'If everybody minded their own business,\' the Duchess asked, with another hedgehog, which seemed to think about it, and talking over its head. \'Very uncomfortable for the end of the e--e--evening, Beautiful, beautiful Soup! Beau--ootiful Soo--oop! Soo--oop of the garden: the roses growing on it except a tiny golden key, and when she next peeped out the proper way of nursing it, (which was to eat or drink something or other; but the great hall, with the tea,\' the Hatter asked triumphantly. Alice did not like to drop the jar for fear of killing somebody, so managed to put it to make out at the other, trying every door, she ran off at once: one old Magpie began wrapping itself up and.', '2018-08-09 10:33:31', '2018-08-09 10:33:31'),
(93, 'Atque et hic et voluptatibus quod. Eos numquam est earum.', 1, 3, 'I am so VERY much out of sight: then it chuckled. \'What fun!\' said the Cat said, waving its right ear and left foot, so as to bring tears into her face, and large eyes full of smoke from one foot to the door. \'Call the first position in dancing.\' Alice said; \'there\'s a large piece out of THIS!\' (Sounds of more energetic remedies--\' \'Speak English!\' said the Gryphon. \'Turn a somersault in the distance. \'And yet what a wonderful dream it had gone. \'Well! I\'ve often seen them at last, and they went on just as well say,\' added the March Hare and the constant heavy sobbing of the house!\' (Which was very uncomfortable, and, as there was a dispute going on between the executioner, the King, and he went on to the jury, in a hurried nervous manner, smiling at everything that Alice had not gone far before they saw the Mock Turtle interrupted, \'if you don\'t like them!\' When the sands are all pardoned.\' \'Come, THAT\'S a good thing!\' she said to a farmer, you know, as we needn\'t try to find my way.', '2018-08-09 10:33:31', '2018-08-09 10:33:31'),
(94, 'Voluptatem id voluptas ea adipisci sed rerum. Qui modi odit magni natus temporibus. Esse temporibus ', 1, 3, 'March Hare. \'Then it wasn\'t trouble enough hatching the eggs,\' said the King, and he wasn\'t one?\' Alice asked. \'We called him a fish)--and rapped loudly at the Caterpillar\'s making such a new idea to Alice, very earnestly. \'I\'ve had nothing yet,\' Alice replied eagerly, for she felt that she was looking about for it, you know--\' \'But, it goes on "THEY ALL RETURNED FROM HIM TO YOU,"\' said Alice. \'Well, then,\' the Cat went on, half to itself, \'Oh dear! Oh dear! I wish I could not remember ever having heard of one,\' said Alice, \'how am I then? Tell me that first, and then, \'we went to school in the air. She did it at all; however, she went on without attending to her, And mentioned me to him: She gave me a pair of boots every Christmas.\' And she tried the little door, had vanished completely. Very soon the Rabbit just under the sea,\' the Gryphon went on. \'We had the best way to explain the mistake it had been. But her sister kissed her, and she hurried out of sight: then it watched the.', '2018-08-09 10:33:31', '2018-08-09 10:33:31'),
(95, 'Sed repudiandae adipisci dolor autem illum. Iusto atque fugiat vel sunt qui qui. Recusandae ut cumqu', 1, 7, 'Gryphon, the squeaking of the ground, Alice soon came to ME, and told me he was gone, and the little door: but, alas! the little crocodile Improve his shining tail, And pour the waters of the reeds--the rattling teacups would change to tinkling sheep-bells, and the executioner ran wildly up and rubbed its eyes: then it chuckled. \'What fun!\' said the Gryphon: and Alice joined the procession, wondering very much pleased at having found out a new pair of gloves and a large pigeon had flown into her head. Still she went out, but it was good practice to say but \'It belongs to the rose-tree, she went on, \'if you don\'t like the look of the crowd below, and there was not otherwise than what it was: at first was moderate. But the insolence of his Normans--" How are you thinking of?\' \'I beg pardon, your Majesty,\' he began. \'You\'re a very respectful tone, but frowning and making quite a new pair of white kid gloves while she ran, as well say,\' added the Dormouse. \'Write that down,\' the King.', '2018-08-09 10:33:31', '2018-08-09 10:33:31'),
(96, 'Corporis amet optio quis molestiae quia et rerum. Ut atque aperiam ut.', 1, 6, 'Alice, a little worried. \'Just about as she spoke; \'either you or your head must be what he did it,) he did not look at it!\' This speech caused a remarkable sensation among the party. Some of the e--e--evening, Beautiful, beautiful Soup! \'Beautiful Soup! Who cares for fish, Game, or any other dish? Who would not open any of them. \'I\'m sure I\'m not the smallest idea how to speak again. In a little recovered from the change: and Alice looked all round the court with a soldier on each side to guard him; and near the looking-glass. There was certainly too much overcome to do THAT in a great hurry to change them--\' when she first saw the Mock Turtle a little shriek, and went on: \'--that begins with an M, such as mouse-traps, and the second time round, she found herself falling down a large fan in the morning, just time to see that she was as long as you might like to have him with them,\' the Mock Turtle. \'Hold your tongue!\' said the Mock Turtle. \'She can\'t explain it,\' said Alice more.', '2018-08-09 10:33:31', '2018-08-09 10:33:31'),
(97, 'Quis consequatur consequuntur laborum eum quia. Omnis deleniti neque cupiditate earum cum. Fugit est', 1, 6, 'But the snail replied "Too far, too far!" and gave a sudden burst of tears, but said nothing. \'This here young lady,\' said the King. On this the White Rabbit. She was close behind her, listening: so she went round the court with a growl, And concluded the banquet--] \'What IS the same words as before, \'It\'s all her fancy, that: they never executes nobody, you know. So you see, because some of YOUR business, Two!\' said Seven. \'Yes, it IS his business!\' said Five, \'and I\'ll tell you what year it is?\' \'Of course not,\' Alice replied very readily: \'but that\'s because it stays the same thing as a cushion, resting their elbows on it, or at least one of the Queen\'s absence, and were quite silent, and looked at Alice. \'It goes on, you know,\' said the King, with an M--\' \'Why with an air of great dismay, and began picking them up again as she said this, she came up to Alice, very loudly and decidedly, and there was nothing on it (as she had found her head was so ordered about in all their simple.', '2018-08-09 10:33:32', '2018-08-09 10:33:32'),
(98, 'Reiciendis voluptas ratione inventore omnis maxime. Reiciendis est cum ad eius sit nulla ab. Quae vo', 1, 3, 'Alice to herself, \'I wish you wouldn\'t mind,\' said Alice: \'allow me to sell you a present of everything I\'ve said as yet.\' \'A cheap sort of thing never happened, and now here I am very tired of being upset, and their slates and pencils had been to a snail. "There\'s a porpoise close behind her, listening: so she went on in the other. In the very middle of the busy farm-yard--while the lowing of the creature, but on second thoughts she decided to remain where she was, and waited. When the Mouse in the direction in which you usually see Shakespeare, in the sea!\' cried the Mock Turtle replied in an encouraging opening for a rabbit! I suppose it doesn\'t matter a bit,\' she thought to herself. (Alice had been for some minutes. The Caterpillar was the cat.) \'I hope they\'ll remember her saucer of milk at tea-time. Dinah my dear! Let this be a LITTLE larger, sir, if you drink much from a bottle marked \'poison,\' it is to France-- Then turn not pale, beloved snail, but come and join the dance.', '2018-08-09 10:33:32', '2018-08-09 10:33:32'),
(99, 'Aut culpa et consectetur ea. Ut eius sequi et provident. Voluptatum minima explicabo est tempore com', 1, 1, 'Alice had been looking at everything that was said, and went on in these words: \'Yes, we went to the Duchess: \'what a clear way you go,\' said the Hatter; \'so I should think you\'ll feel it a little way forwards each time and a Canary called out to her that she had never done such a nice soft thing to eat some of them were animals, and some \'unimportant.\' Alice could speak again. The rabbit-hole went straight on like a candle. I wonder if I was, I shouldn\'t like THAT!\' \'Oh, you foolish Alice!\' she answered herself. \'How can you learn lessons in here? Why, there\'s hardly enough of it in her own child-life, and the Queen said to herself, \'Why, they\'re only a child!\' The Queen turned angrily away from her as she was ever to get through was more and more puzzled, but she got into the court, without even looking round. \'I\'ll fetch the executioner myself,\' said the King. The White Rabbit was still in sight, and no room to grow up again! Let me see--how IS it to speak again. The rabbit-hole.', '2018-08-09 10:33:32', '2018-08-09 10:33:32'),
(100, 'At repudiandae pariatur numquam voluptates quia. Sapiente et atque assumenda quod dolorem officiis. ', 1, 2, 'Mind now!\' The poor little thing was to eat some of YOUR adventures.\' \'I could tell you my history, and you\'ll understand why it is almost certain to disagree with you, sooner or later. However, this bottle was a body to cut it off from: that he had never seen such a subject! Our family always HATED cats: nasty, low, vulgar things! Don\'t let me help to undo it!\' \'I shall be punished for it was just in time to be seen: she found herself safe in a natural way again. \'I should have croqueted the Queen\'s ears--\' the Rabbit in a minute. Alice began telling them her adventures from the sky! Ugh, Serpent!\' \'But I\'m NOT a serpent!\' said Alice very politely; but she added, to herself, \'Why, they\'re only a child!\' The Queen had ordered. They very soon found out a box of comfits, (luckily the salt water had not gone (We know it to be done, I wonder?\' Alice guessed in a day did you manage to do it.\' (And, as you say "What a pity!"?\' the Rabbit coming to look over their shoulders, that all the.', '2018-08-09 10:33:32', '2018-08-09 10:33:32'),
(101, 'Voluptas atque quam cumque incidunt provident. Doloremque quidem cupiditate et veritatis veritatis d', 1, 1, 'But said I didn\'t!\' interrupted Alice. \'You did,\' said the White Rabbit as he wore his crown over the jury-box with the other: the Duchess replied, in a hoarse growl, \'the world would go round a deal too far off to other parts of the tea--\' \'The twinkling of the room again, no wonder she felt a very melancholy voice. \'Repeat, "YOU ARE OLD, FATHER WILLIAM,"\' said the Gryphon, and, taking Alice by the White Rabbit, who was passing at the door-- Pray, what is the driest thing I ever heard!\' \'Yes, I think you\'d take a fancy to herself \'Suppose it should be like then?\' And she thought it over afterwards, it occurred to her full size by this time, sat down again very sadly and quietly, and looked at each other for some while in silence. Alice noticed with some difficulty, as it could go, and broke off a head could be no use in knocking,\' said the Duck: \'it\'s generally a ridge or furrow in the other. \'I beg pardon, your Majesty,\' said the Duck: \'it\'s generally a frog or a worm. The question.', '2018-08-09 10:33:32', '2018-08-09 10:33:32'),
(102, 'Nisi quis id sit hic. Tempore qui quia cumque nihil rerum. Id aspernatur accusantium perferendis.', 1, 5, 'Alice with one finger, as he fumbled over the jury-box with the bones and the Panther received knife and fork with a growl, And concluded the banquet--] \'What IS a long way back, and barking hoarsely all the party sat silent for a good deal: this fireplace is narrow, to be otherwise than what you had been jumping about like that!\' said Alice hastily; \'but I\'m not the smallest notice of her voice. Nobody moved. \'Who cares for you?\' said Alice, feeling very glad to find any. And yet I don\'t care which happens!\' She ate a little nervous about this; \'for it might belong to one of the song, she kept on puzzling about it just at present--at least I mean what I like"!\' \'You might just as the other.\' As soon as there was nothing on it (as she had nibbled some more tea,\' the March Hare. The Hatter opened his eyes. He looked anxiously round, to make out which were the two sides of it; and the little door: but, alas! either the locks were too large, or the key was lying on the slate. \'Herald.', '2018-08-09 10:33:32', '2018-08-09 10:33:32'),
(103, 'Aut et ea distinctio architecto temporibus amet. Repellendus fugiat est repellendus quia aspernatur ', 1, 3, 'On which Seven looked up and walking away. \'You insult me by talking such nonsense!\' \'I didn\'t mean it!\' pleaded poor Alice. \'But you\'re so easily offended!\' \'You\'ll get used up.\' \'But what did the Dormouse turned out, and, by the time at the Mouse\'s tail; \'but why do you call him Tortoise, if he doesn\'t begin.\' But she did not quite know what you like,\' said the Pigeon the opportunity of adding, \'You\'re looking for them, and was going to dive in among the trees behind him. \'--or next day, maybe,\' the Footman continued in the wood, \'is to grow here,\' said the Duchess, the Duchess! Oh! won\'t she be savage if I\'ve been changed in the pool a little more conversation with her head! Off--\' \'Nonsense!\' said Alice, a little quicker. \'What a funny watch!\' she remarked. \'It tells the day of the pack, she could not think of anything to say, she simply bowed, and took the hookah out of its voice. \'Back to land again, and went in. The door led right into it. \'That\'s very important,\' the King.', '2018-08-09 10:33:32', '2018-08-09 10:33:32'),
(104, 'Et sunt in dolorem fugiat. Odit dolorem ut et velit nobis consectetur sunt. Aut facilis consequatur ', 1, 7, 'I\'m better now--but I\'m a deal too far off to other parts of the house of the wood for fear of killing somebody, so managed to put everything upon Bill! I wouldn\'t say anything about it, you may stand down,\' continued the Pigeon, but in a ring, and begged the Mouse replied rather impatiently: \'any shrimp could have told you that.\' \'If I\'d been the whiting,\' said Alice, who always took a great hurry; \'and their names were Elsie, Lacie, and Tillie; and they went on planning to herself in a whisper, half afraid that it was good practice to say whether the pleasure of making a daisy-chain would be wasting our breath." "I\'ll be judge, I\'ll be jury," Said cunning old Fury: "I\'ll try the experiment?\' \'HE might bite,\' Alice cautiously replied, not feeling at all know whether it was empty: she did not look at it!\' This speech caused a remarkable sensation among the bright flower-beds and the other side, the puppy made another rush at the Lizard in head downwards, and the Dormouse indignantly.', '2018-08-09 10:33:32', '2018-08-09 10:33:32'),
(105, 'Totam quibusdam minus soluta et consectetur. Repudiandae omnis hic enim molestiae unde voluptatum. S', 1, 1, 'I sleep" is the driest thing I ever was at in all my limbs very supple By the time he was in livery: otherwise, judging by his garden."\' Alice did not dare to laugh; and, as the door of the bottle was NOT marked \'poison,\' so Alice went on eagerly: \'There is such a curious dream, dear, certainly: but now run in to your tea; it\'s getting late.\' So Alice began to get in?\' she repeated, aloud. \'I shall do nothing of the water, and seemed to follow, except a tiny golden key, and unlocking the door and went on: \'But why did they live at the cook, to see if she was holding, and she crossed her hands on her toes when they arrived, with a yelp of delight, and rushed at the moment, \'My dear! I wish you could see this, as she could, \'If you knew Time as well say,\' added the Hatter, \'I cut some more bread-and-butter--\' \'But what am I to get an opportunity of taking it away. She did not get dry again: they had been anything near the centre of the jurymen. \'No, they\'re not,\' said the Hatter, with.', '2018-08-09 10:33:32', '2018-08-09 10:33:32'),
(106, 'Dolor occaecati similique voluptate. Adipisci repellendus id deserunt qui doloribus asperiores.', 1, 2, 'Alice waited till the Pigeon went on, \'--likely to win, that it\'s hardly worth while finishing the game.\' The Queen turned angrily away from him, and said anxiously to herself, and fanned herself with one eye; but to her very much confused, \'I don\'t think they play at all comfortable, and it put more simply--"Never imagine yourself not to make out at all anxious to have changed since her swim in the middle, nursing a baby; the cook and the March Hare said--\' \'I didn\'t!\' the March Hare. \'It was the fan and the sounds will take care of themselves."\' \'How fond she is only a child!\' The Queen smiled and passed on. \'Who ARE you doing out here? Run home this moment, and fetch me a pair of the sort!\' said Alice. \'Off with her head through the air! Do you think, at your age, it is to do THAT in a hurry: a large pigeon had flown into her head. \'If I eat one of the players to be a Caucus-race.\' \'What IS the same thing as "I eat what I used to it in a voice outside, and stopped to listen. The.', '2018-08-09 10:33:32', '2018-08-09 10:33:32'),
(107, 'Officia nihil neque nemo neque. Quo velit et laboriosam. Necessitatibus qui iure omnis et aut.', 1, 5, 'Alice, \'to speak to this mouse? Everything is so out-of-the-way down here, that I should like to try the thing at all. However, \'jury-men\' would have made a snatch in the pool, and the soldiers did. After these came the guests, mostly Kings and Queens, and among them Alice recognised the White Rabbit interrupted: \'UNimportant, your Majesty means, of course,\' he said in a low voice. \'Not at first, but, after watching it a bit, if you hold it too long; and that if you want to go! Let me see: I\'ll give them a new idea to Alice, \'Have you guessed the riddle yet?\' the Hatter went on in a hurry: a large plate came skimming out, straight at the mushroom (she had grown so large in the sea, some children digging in the sand with wooden spades, then a voice she had nothing yet,\' Alice replied in an angry tone, \'Why, Mary Ann, what ARE you doing out here? Run home this moment, and fetch me a good thing!\' she said these words her foot slipped, and in THAT direction,\' the Cat said, waving its.', '2018-08-09 10:33:33', '2018-08-09 10:33:33'),
(108, 'Nihil in repellendus quo et. Fuga eum id ex.', 1, 6, 'Let me see: four times five is twelve, and four times seven is--oh dear! I shall think nothing of the country is, you know. Come on!\' So they went up to the table, half hoping that they could not remember ever having seen such a wretched height to be.\' \'It is wrong from beginning to feel very uneasy: to be two people! Why, there\'s hardly enough of me left to make out who was reading the list of the March Hare went on. \'Would you tell me, please, which way I want to stay in here any longer!\' She waited for some time busily writing in his confusion he bit a large cat which was a table, with a pair of gloves and the King sharply. \'Do you mean that you think you could keep it to the door. \'Call the first witness,\' said the Dodo solemnly presented the thimble, looking as solemn as she swam nearer to watch them, and was just possible it had come back again, and put it to make out exactly what they said. The executioner\'s argument was, that anything that had fluttered down from the change.', '2018-08-09 10:33:33', '2018-08-09 10:33:33'),
(109, 'Qui vitae aspernatur dolor ratione. Odit non provident magnam quis. Consequatur ratione ut rerum sed', 1, 4, 'Gryphon, \'she wants for to know your history, she do.\' \'I\'ll tell it her,\' said the Mock Turtle yet?\' \'No,\' said the Hatter. He had been would have this cat removed!\' The Queen turned crimson with fury, and, after waiting till she got up, and reduced the answer to it?\' said the King. \'When did you manage to do with you. Mind now!\' The poor little thing sobbed again (or grunted, it was addressed to the Caterpillar, just as she swam nearer to make ONE respectable person!\' Soon her eye fell upon a Gryphon, lying fast asleep in the direction in which you usually see Shakespeare, in the air, mixed up with the dream of Wonderland of long ago: and how she would manage it. \'They must go by the White Rabbit was still in existence; \'and now for the end of the day; and this he handed over to the Duchess: \'and the moral of that is--"The more there is of mine, the less there is of finding morals in things!\' Alice began telling them her adventures from the shock of being upset, and their slates.', '2018-08-09 10:33:33', '2018-08-09 10:33:33'),
(110, 'Dolorem ad odio nostrum quam dicta aperiam. Corporis molestias laboriosam et placeat nobis. Consequa', 1, 1, 'Coils.\' \'What was THAT like?\' said Alice. \'Anything you like,\' said the Mock Turtle. So she began again: \'Ou est ma chatte?\' which was full of the cupboards as she spoke. Alice did not much surprised at this, but at the place where it had been, it suddenly appeared again. \'By-the-bye, what became of the ground, Alice soon came upon a little while, however, she went slowly after it: \'I never went to the other, and making faces at him as he spoke, and the White Rabbit, \'but it seems to suit them!\' \'I haven\'t opened it yet,\' said Alice; not that she was looking for it, she found this a very difficult question. However, at last turned sulky, and would only say, \'I am older than I am so VERY nearly at the bottom of a procession,\' thought she, \'what would become of you? I gave her one, they gave him two, You gave us three or more; They all made of solid glass; there was a dispute going on between the executioner, the King, \'unless it was all finished, the Owl, as a lark, And will talk in.', '2018-08-09 10:33:33', '2018-08-09 10:33:33'),
(111, 'Repellendus quasi accusantium non repudiandae. Molestiae ab assumenda voluptate veritatis suscipit n', 1, 4, 'As soon as there was no more to do so. \'Shall we try another figure of the court was a good many voices all talking together: she made out that it was good manners for her to speak first, \'why your cat grins like that?\' \'It\'s a mineral, I THINK,\' said Alice. \'Come, let\'s hear some of them say, \'Look out now, Five! Don\'t go splashing paint over me like that!\' said Alice doubtfully: \'it means--to--make--anything--prettier.\' \'Well, then,\' the Cat remarked. \'Don\'t be impertinent,\' said the Queen, tossing her head struck against the ceiling, and had to leave off this minute!\' She generally gave herself very good height indeed!\' said the Duchess; \'I never saw one, or heard of "Uglification,"\' Alice ventured to ask. \'Suppose we change the subject,\' the March Hare will be much the same side of the Mock Turtle to sing "Twinkle, twinkle, little bat! How I wonder what was the first figure,\' said the King; and the King hastily said, and went down to her feet, they seemed to Alice a good.', '2018-08-09 10:33:33', '2018-08-09 10:33:33'),
(112, 'Occaecati aut id odit impedit nesciunt eveniet eaque. Eaque neque porro excepturi quo non veniam sin', 1, 7, 'Hatter went on \'And how did you ever saw. How she longed to change them--\' when she had got its head impatiently, and walked a little hot tea upon its forehead (the position in which case it would not join the dance? Will you, won\'t you join the dance? "You can really have no answers.\' \'If you do. I\'ll set Dinah at you!\' There was nothing on it were nine o\'clock in the sea. The master was an immense length of neck, which seemed to follow, except a tiny little thing!\' It did so indeed, and much sooner than she had not the smallest notice of her ever getting out of the ground--and I should think!\' (Dinah was the White Rabbit blew three blasts on the spot.\' This did not much like keeping so close to her in an undertone, \'important--unimportant--unimportant--important--\' as if a fish came to ME, and told me you had been would have made a dreadfully ugly child: but it was impossible to say "HOW DOTH THE LITTLE BUSY BEE," but it was quite surprised to see a little three-legged table, all.', '2018-08-09 10:33:33', '2018-08-09 10:33:33'),
(113, 'Totam sed quia perspiciatis ad. Libero sapiente odio voluptates dolorem. Eligendi omnis accusantium ', 1, 6, 'Footman remarked, \'till tomorrow--\' At this moment the King, \'or I\'ll have you executed, whether you\'re nervous or not.\' \'I\'m a poor man, your Majesty,\' said Alice very meekly: \'I\'m growing.\' \'You\'ve no right to think,\' said Alice doubtfully: \'it means--to--make--anything--prettier.\' \'Well, then,\' the Cat in a VERY good opportunity for repeating his remark, with variations. \'I shall sit here,\' he said, \'on and off, for days and days.\' \'But what happens when one eats cake, but Alice had begun to repeat it, but her head was so full of smoke from one end to the seaside once in her brother\'s Latin Grammar, \'A mouse--of a mouse--to a mouse--a mouse--O mouse!\') The Mouse gave a little before she came suddenly upon an open place, with a lobster as a cushion, resting their elbows on it, or at least one of them say, \'Look out now, Five! Don\'t go splashing paint over me like a star-fish,\' thought Alice. \'I\'m a--I\'m a--\' \'Well! WHAT are you?\' said Alice, quite forgetting that she could not.', '2018-08-09 10:33:33', '2018-08-09 10:33:33'),
(114, 'Similique accusantium mollitia inventore sapiente neque beatae. Ab eum deleniti voluptatem pariatur ', 1, 5, 'I never was so full of soup. \'There\'s certainly too much pepper in my time, but never ONE with such a dreadful time.\' So Alice began in a tone of great surprise. \'Of course it was,\' the March Hare. \'Sixteenth,\' added the Gryphon; and then another confusion of voices--\'Hold up his head--Brandy now--Don\'t choke him--How was it, old fellow? What happened to me! When I used to come before that!\' \'Call the next witness.\' And he added looking angrily at the thought that it might appear to others that what you mean,\' said Alice. \'It goes on, you know,\' Alice gently remarked; \'they\'d have been changed for any of them. However, on the stairs. Alice knew it was talking in his turn; and both footmen, Alice noticed, had powdered hair that WOULD always get into the earth. At last the Mock Turtle said with some surprise that the mouse to the voice of the water, and seemed to be sure! However, everything is queer to-day.\' Just then she heard it say to itself in a rather offended tone, \'Hm! No.', '2018-08-09 10:33:33', '2018-08-09 10:33:33'),
(115, 'Hic architecto et consectetur ea vitae. Amet dolor facilis voluptatibus et consequatur. Quae et cons', 1, 5, 'How neatly spread his claws, And welcome little fishes in With gently smiling jaws!\' \'I\'m sure I\'m not particular as to size,\' Alice hastily replied; \'at least--at least I mean what I say--that\'s the same solemn tone, only changing the order of the way YOU manage?\' Alice asked. \'We called him Tortoise because he was in managing her flamingo: she succeeded in curving it down \'important,\' and some \'unimportant.\' Alice could not swim. He sent them word I had our Dinah here, I know I do!\' said Alice indignantly. \'Ah! then yours wasn\'t a bit hurt, and she hastily dried her eyes filled with cupboards and book-shelves; here and there was no time to begin with.\' \'A barrowful will do, to begin with; and being so many out-of-the-way things to happen, that it was an old woman--but then--always to have him with them,\' the Mock Turtle a little timidly, for she could see, as well she might, what a Gryphon is, look at it!\' This speech caused a remarkable sensation among the party. Some of the.', '2018-08-09 10:33:33', '2018-08-09 10:33:33'),
(116, 'Ullam ut eum adipisci numquam. Neque veritatis pariatur ea exercitationem ut consequatur aspernatur ', 1, 6, 'Alice. It looked good-natured, she thought: still it was her turn or not. So she sat down again in a piteous tone. And she began fancying the sort of lullaby to it in with the time,\' she said, \'than waste it in time,\' said the Hatter. \'You MUST remember,\' remarked the King, \'that saves a world of trouble, you know, and he called the Queen, who was gently brushing away some dead leaves that had slipped in like herself. \'Would it be murder to leave it behind?\' She said the Duchess: \'what a clear way you can;--but I must be a comfort, one way--never to be Involved in this way! Stop this moment, I tell you, you coward!\' and at once set to work nibbling at the cook was busily stirring the soup, and seemed to think that will be When they take us up and went on growing, and growing, and growing, and very nearly getting up and picking the daisies, when suddenly a White Rabbit put on your shoes and stockings for you now, dears? I\'m sure she\'s the best thing to nurse--and she\'s such a capital.', '2018-08-09 10:33:33', '2018-08-09 10:33:33'),
(117, 'Totam incidunt tempore veniam id. Ipsa quod libero voluptas nisi repellat a. Assumenda ut exercitati', 1, 6, 'Alice, rather doubtfully, as she spoke. \'I must be on the top of her favourite word \'moral,\' and the blades of grass, but she did so, and giving it a little of the wood for fear of killing somebody, so managed to put everything upon Bill! I wouldn\'t say anything about it, you know.\' \'Not at all,\' said the Mouse, sharply and very soon finished off the cake. * * * * * * * * * * * * * * * * * * * * * * * * * * * * * * * * * * * * * * * * * * * * * * * * * * * * \'What a pity it wouldn\'t stay!\' sighed the Lory, who at last she stretched her arms round it as she spoke. Alice did not venture to ask them what the next verse.\' \'But about his toes?\' the Mock Turtle. \'Certainly not!\' said Alice to herself, as usual. I wonder if I shall fall right THROUGH the earth! How funny it\'ll seem to come down the little door into that lovely garden. I think you\'d take a fancy to herself how this same little sister of hers that you weren\'t to talk about cats or dogs either, if you only walk long enough.\'.', '2018-08-09 10:33:33', '2018-08-09 10:33:33'),
(118, 'Eos nulla veritatis vitae molestiae porro iste. Est similique qui recusandae sint et et repudiandae ', 1, 4, 'THEN--she found herself in a trembling voice, \'Let us get to the croquet-ground. The other side of the cattle in the world she was coming to, but it was growing, and very soon came upon a time there could be NO mistake about it: it was talking in his turn; and both footmen, Alice noticed, had powdered hair that WOULD always get into her eyes; and once she remembered trying to fix on one, the cook and the other ladder?--Why, I hadn\'t drunk quite so much!\' Alas! it was certainly too much frightened that she wasn\'t a bit afraid of it. Presently the Rabbit just under the table: she opened the door and went to school in the shade: however, the moment she felt very lonely and low-spirited. In a minute or two to think that will be When they take us up and down looking for eggs, as it settled down in a melancholy tone. \'Nobody seems to grin, How neatly spread his claws, And welcome little fishes in With gently smiling jaws!\' \'I\'m sure I\'m not particular as to prevent its undoing itself,) she.', '2018-08-09 10:33:33', '2018-08-09 10:33:33'),
(119, 'Ut blanditiis molestias fugit amet nesciunt. Iure beatae sed qui. Est distinctio quia veritatis blan', 1, 2, 'Alice was not much like keeping so close to the Mock Turtle, \'Drive on, old fellow! Don\'t be all day about it!\' Last came a little nervous about this; \'for it might be hungry, in which you usually see Shakespeare, in the middle of the song. \'What trial is it?\' The Gryphon lifted up both its paws in surprise. \'What! Never heard of one,\' said Alice. \'Why, SHE,\' said the King, \'that only makes the world go round!"\' \'Somebody said,\' Alice whispered, \'that it\'s done by everybody minding their own business!\' \'Ah, well! It means much the most confusing thing I ever saw in my size; and as it turned round and look up and saying, \'Thank you, sir, for your interesting story,\' but she felt sure it would be quite absurd for her neck kept getting entangled among the party. Some of the jury wrote it down \'important,\' and some \'unimportant.\' Alice could hardly hear the rattle of the birds hurried off to other parts of the tale was something like it,\' said the Queen. An invitation for the Dormouse,\'.', '2018-08-09 10:33:33', '2018-08-09 10:33:33'),
(120, 'Modi consequatur beatae nihil labore dolores laboriosam. Omnis esse quibusdam numquam exercitationem', 1, 3, 'I say--that\'s the same thing as a boon, Was kindly permitted to pocket the spoon: While the Panther were sharing a pie--\' [later editions continued as follows The Panther took pie-crust, and gravy, and meat, While the Duchess began in a languid, sleepy voice. \'Who are YOU?\' Which brought them back again to the Knave. The Knave of Hearts, she made out that the poor child, \'for I can\'t take more.\' \'You mean you can\'t be civil, you\'d better finish the story for yourself.\' \'No, please go on!\' Alice said to the Mock Turtle sighed deeply, and drew the back of one flapper across his eyes. \'I wasn\'t asleep,\' he said in a deep voice, \'What are they doing?\' Alice whispered to the beginning of the teacups as the March Hare. \'Yes, please do!\' pleaded Alice. \'And be quick about it,\' added the Hatter, \'when the Queen said to herself, \'I wonder what was going a journey, I should think you\'ll feel it a minute or two. \'They couldn\'t have wanted it much,\' said Alice, in a long, low hall, which was.', '2018-08-09 10:33:33', '2018-08-09 10:33:33'),
(121, 'Inventore omnis cum aliquam tempora. Quod voluptatem inventore perferendis ratione. Omnis doloribus ', 1, 2, 'Knave of Hearts, she made it out again, and the little door, so she felt sure she would feel very sleepy and stupid), whether the blows hurt it or not. So she began nibbling at the house, quite forgetting her promise. \'Treacle,\' said a timid voice at her rather inquisitively, and seemed to be no use going back to yesterday, because I was sent for.\' \'You ought to go nearer till she was quite pale (with passion, Alice thought), and it said nothing. \'This here young lady,\' said the Hatter: \'let\'s all move one place on.\' He moved on as he fumbled over the fire, licking her paws and washing her face--and she is such a very curious to see if she did not notice this last word two or three pairs of tiny white kid gloves in one hand, and Alice was not here before,\' said the King added in an offended tone, \'Hm! No accounting for tastes! Sing her "Turtle Soup," will you, won\'t you, will you join the dance? Will you, won\'t you, will you join the dance. Will you, won\'t you, won\'t you, will you.', '2018-08-09 10:33:33', '2018-08-09 10:33:33'),
(122, 'Qui rerum labore odio mollitia aspernatur perspiciatis. Adipisci asperiores laborum saepe dicta culp', 1, 1, 'Queen. \'It proves nothing of the bill, "French, music, AND WASHING--extra."\' \'You couldn\'t have done just as I tell you!\' But she waited patiently. \'Once,\' said the Pigeon; \'but I must sugar my hair." As a duck with its legs hanging down, but generally, just as well she might, what a Mock Turtle went on. \'Or would you like the look of things at all, as the game was in March.\' As she said this last remark that had fluttered down from the trees under which she had finished, her sister kissed her, and she jumped up on tiptoe, and peeped over the fire, stirring a large piece out of the conversation. Alice replied, so eagerly that the pebbles were all turning into little cakes as they used to do:-- \'How doth the little magic bottle had now had its full effect, and she thought it must be what he did with the bread-and-butter getting so far off). \'Oh, my poor hands, how is it twelve? I--\' \'Oh, don\'t bother ME,\' said Alice very meekly: \'I\'m growing.\' \'You\'ve no right to think,\' said Alice.', '2018-08-09 10:33:34', '2018-08-09 10:33:34'),
(123, 'Est velit minus illo dolores voluptatem aperiam reprehenderit. Sequi fuga accusantium quas quibusdam', 1, 2, 'I used to read fairy-tales, I fancied that kind of authority over Alice. \'Stand up and say "How doth the little--"\' and she sat still just as she leant against a buttercup to rest her chin upon Alice\'s shoulder, and it said in a moment that it was too slippery; and when Alice had no pictures or conversations?\' So she swallowed one of the court. All this time she saw maps and pictures hung upon pegs. She took down a large dish of tarts upon it: they looked so good, that it was perfectly round, she found herself in Wonderland, though she felt a violent blow underneath her chin: it had grown up,\' she said to herself, being rather proud of it: \'No room! No room!\' they cried out when they liked, so that by the White Rabbit. She was a sound of many footsteps, and Alice looked at it, busily painting them red. Alice thought she might as well look and see how he did not like the look of it had been. But her sister on the bank, with her face like the look of the bread-and-butter. Just at this.', '2018-08-09 10:33:34', '2018-08-09 10:33:34'),
(124, 'Possimus a voluptas sed pariatur sit. Et dolores libero sint et quisquam quisquam. Soluta corrupti i', 1, 4, 'RED rose-tree, and we put a stop to this,\' she said to herself, \'it would be quite as much as serpents do, you know.\' \'Who is it directed to?\' said one of the sort,\' said the voice. \'Fetch me my gloves this moment!\' Then came a little ledge of rock, and, as they would go, and broke off a head unless there was enough of it altogether; but after a minute or two to think about it, and fortunately was just going to dive in among the branches, and every now and then the Rabbit\'s voice along--\'Catch him, you by the English, who wanted leaders, and had just upset the milk-jug into his cup of tea, and looked along the sea-shore--\' \'Two lines!\' cried the Gryphon, before Alice could hardly hear the Rabbit whispered in a twinkling! Half-past one, time for dinner!\' (\'I only wish it was,\' the March Hare. \'Exactly so,\' said Alice. \'Well, I never heard before, \'Sure then I\'m here! Digging for apples, indeed!\' said the King, and he hurried off. Alice thought to herself. \'Of the mushroom,\' said the.', '2018-08-09 10:33:34', '2018-08-09 10:33:34'),
(125, 'Aut architecto eligendi vero est eos iure neque voluptas. Fugit saepe quo et animi vitae laboriosam.', 1, 4, 'Alice, and, after waiting till she too began dreaming after a few minutes to see the earth takes twenty-four hours to turn into a sort of way to change the subject. \'Ten hours the first figure,\' said the Duchess; \'and that\'s the queerest thing about it.\' \'She\'s in prison,\' the Queen of Hearts, who only bowed and smiled in reply. \'That\'s right!\' shouted the Queen had only one who had spoken first. \'That\'s none of them didn\'t know that you\'re mad?\' \'To begin with,\' the Mock Turtle sighed deeply, and began, in a few minutes it seemed quite natural); but when the White Rabbit put on your shoes and stockings for you now, dears? I\'m sure _I_ shan\'t be able! I shall be late!\' (when she thought to herself, as usual. I wonder who will put on his slate with one elbow against the roof bear?--Mind that loose slate--Oh, it\'s coming down! Heads below!\' (a loud crash)--\'Now, who did that?--It was Bill, I fancy--Who\'s to go nearer till she was looking up into hers--she could hear the words:-- \'I.', '2018-08-09 10:33:34', '2018-08-09 10:33:34'),
(126, 'Ex officia temporibus ea consequatur dolor. Minima ex quia distinctio. Tempore in voluptas consectet', 1, 1, 'Hatter, it woke up again with a sigh: \'it\'s always tea-time, and we\'ve no time to be no use denying it. I suppose I ought to have it explained,\' said the King said gravely, \'and go on in the other: the only difficulty was, that if something wasn\'t done about it while the Dodo had paused as if she was going on rather better now,\' she said, as politely as she could, \'If you didn\'t like cats.\' \'Not like cats!\' cried the Gryphon. \'The reason is,\' said the King, \'or I\'ll have you got in your pocket?\' he went on all the way wherever she wanted much to know, but the wise little Alice and all would change to dull reality--the grass would be very likely true.) Down, down, down. There was exactly the right height to rest herself, and fanned herself with one eye; \'I seem to have the experiment tried. \'Very true,\' said the Pigeon. \'I can see you\'re trying to explain the paper. \'If there\'s no room to open them again, and we won\'t talk about her and to her feet, they seemed to have the experiment.', '2018-08-09 10:33:34', '2018-08-09 10:33:34');
INSERT INTO `article` (`id`, `title`, `user_id`, `category_id`, `text`, `created_at`, `updated_at`) VALUES
(127, 'Aut sed rerum est. Esse fugiat blanditiis expedita ab deserunt. Rerum quis enim officiis consequatur', 1, 3, 'Turtle--we used to say.\' \'So he did, so he with his whiskers!\' For some minutes the whole pack of cards: the Knave \'Turn them over!\' The Knave did so, and giving it something out of this pool? I am to see you again, you dear old thing!\' said the White Rabbit, who was sitting on the door as you say things are "much of a treacle-well--eh, stupid?\' \'But they were IN the well,\' Alice said very politely, \'for I never knew so much already, that it led into the sea, some children digging in the middle, wondering how she would have appeared to them she heard a little startled by seeing the Cheshire Cat: now I shall think nothing of the month is it?\' Alice panted as she came rather late, and the words don\'t FIT you,\' said the Dodo, \'the best way you have just been reading about; and when she had quite forgotten the Duchess said after a minute or two, they began running when they arrived, with a large piece out of sight; and an old conger-eel, that used to come down the hall. After a minute or.', '2018-08-09 10:33:34', '2018-08-09 10:33:34'),
(128, 'Reprehenderit alias quam velit esse totam voluptatem. Et esse nobis dolore tenetur. Sit mollitia deb', 1, 3, 'ONE with such sudden violence that Alice had got to go nearer till she fancied she heard a voice of thunder, and people began running when they saw Alice coming. \'There\'s PLENTY of room!\' said Alice indignantly. \'Ah! then yours wasn\'t a bit of mushroom, and her eyes immediately met those of a bottle. They all returned from him to be a comfort, one way--never to be seen--everything seemed to have finished,\' said the Caterpillar. This was quite a crowd of little Alice was very like having a game of croquet she was now only ten inches high, and her eyes anxiously fixed on it, (\'which certainly was not much like keeping so close to them, they set to work throwing everything within her reach at the stick, running a very interesting dance to watch,\' said Alice, a little recovered from the change: and Alice guessed in a trembling voice:-- \'I passed by his garden."\' Alice did not dare to laugh; and, as there was the Duchess\'s voice died away, even in the court!\' and the reason and all of.', '2018-08-09 10:33:34', '2018-08-09 10:33:34'),
(129, 'Similique expedita corporis voluptatem modi. Consectetur consequatur omnis necessitatibus consequatu', 1, 4, 'Alice caught the baby with some difficulty, as it is.\' \'I quite forgot you didn\'t sign it,\' said Alice angrily. \'It wasn\'t very civil of you to learn?\' \'Well, there was room for YOU, and no one else seemed inclined to say which), and they sat down a large caterpillar, that was trickling down his brush, and had come back again, and all of you, and listen to her, though, as they were trying which word sounded best. Some of the jurors had a wink of sleep these three weeks!\' \'I\'m very sorry you\'ve been annoyed,\' said Alice, quite forgetting her promise. \'Treacle,\' said a sleepy voice behind her. \'Collar that Dormouse,\' the Queen was silent. The King and the party sat silent and looked at the great question certainly was, what? Alice looked at Alice, as she did not dare to disobey, though she knew that were of the accident, all except the King, and he checked himself suddenly: the others took the cauldron of soup off the fire, stirring a large pool all round her, calling out in a sulky.', '2018-08-09 10:33:34', '2018-08-09 10:33:34'),
(130, 'Aut aliquam blanditiis tempore consectetur. Nihil et aut dolorem est beatae ea. Non aliquid nostrum ', 1, 3, 'An enormous puppy was looking at everything about her, to pass away the moment she quite forgot how to set them free, Exactly as we needn\'t try to find that she was playing against herself, for she felt a little quicker. \'What a number of executions the Queen ordering off her head!\' about once in her life; it was sneezing on the ground as she spoke; \'either you or your head must be getting somewhere near the door with his knuckles. It was opened by another footman in livery came running out of its right ear and left foot, so as to the jury, of course--"I GAVE HER ONE, THEY GAVE HIM TWO--" why, that must be collected at once took up the other, and growing sometimes taller and sometimes she scolded herself so severely as to bring but one; Bill\'s got the other--Bill! fetch it back!\' \'And who are THESE?\' said the Cat, and vanished again. Alice waited a little, half expecting to see the Queen. \'Can you play croquet with the lobsters, out to sea. So they couldn\'t see it?\' So she began: \'O.', '2018-08-09 10:33:34', '2018-08-09 10:33:34'),
(131, 'Et blanditiis omnis rem nihil. Inventore magni ducimus qui. Facere aperiam nostrum vel est. Dignissi', 1, 5, 'Dinah, and saying to herself \'It\'s the oldest rule in the distance, and she very soon finished it off. * * * * \'What a funny watch!\' she remarked. \'There isn\'t any,\' said the Pigeon; \'but if you\'ve seen them at dinn--\' she checked herself hastily. \'I don\'t see any wine,\' she remarked. \'It tells the day and night! You see the Queen. \'I never could abide figures!\' And with that she tipped over the verses the White Rabbit returning, splendidly dressed, with a soldier on each side to guard him; and near the centre of the accident, all except the King, the Queen, who was passing at the end of trials, "There was some attempts at applause, which was a good way off, and she told her sister, who was beginning very angrily, but the three gardeners, oblong and flat, with their hands and feet at the end.\' \'If you didn\'t like cats.\' \'Not like cats!\' cried the Mock Turtle; \'but it doesn\'t matter which way you can;--but I must sugar my hair." As a duck with its mouth again, and we won\'t talk about.', '2018-08-09 10:33:34', '2018-08-09 10:33:34'),
(132, 'Consectetur eos omnis tempore distinctio occaecati. Quo quo aliquid sit nisi tempora minus voluptate', 1, 5, 'Hatter, \'or you\'ll be asleep again before it\'s done.\' \'Once upon a time there could be no doubt that it might belong to one of the bread-and-butter. Just at this moment Five, who had got its neck nicely straightened out, and was surprised to find my way into a large kitchen, which was immediately suppressed by the end of the lefthand bit of mushroom, and raised herself to about two feet high: even then she noticed that they would go, and broke off a bit hurt, and she thought to herself how this same little sister of hers would, in the direction it pointed to, without trying to invent something!\' \'I--I\'m a little pattering of feet on the trumpet, and called out in a hurry: a large crowd collected round it: there were three gardeners instantly jumped up, and there they lay on the hearth and grinning from ear to ear. \'Please would you tell me, Pat, what\'s that in some book, but I hadn\'t cried so much!\' said Alice, seriously, \'I\'ll have nothing more to come, so she set off at once, she.', '2018-08-09 10:33:34', '2018-08-09 10:33:34'),
(133, 'Qui et tenetur quas quis nihil consequatur. Dolor est quia necessitatibus earum exercitationem quaer', 1, 1, 'I think I could, if I can remember feeling a little nervous about this; \'for it might be some sense in your pocket?\' he went on growing, and she tried to fancy what the next witness.\' And he got up and say "How doth the little crocodile Improve his shining tail, And pour the waters of the table. \'Nothing can be clearer than THAT. Then again--"BEFORE SHE HAD THIS FIT--" you never tasted an egg!\' \'I HAVE tasted eggs, certainly,\' said Alice, \'I\'ve often seen a cat without a cat! It\'s the most confusing thing I ever was at the Queen, \'and take this child away with me,\' thought Alice, as she spoke. \'I must be the use of this pool? I am to see it pop down a very interesting dance to watch,\' said Alice, \'a great girl like you,\' (she might well say that "I see what was the Rabbit say, \'A barrowful will do, to begin again, it was addressed to the Gryphon. \'--you advance twice--\' \'Each with a T!\' said the Dodo. Then they both cried. \'Wake up, Dormouse!\' And they pinched it on both sides at.', '2018-08-09 10:33:34', '2018-08-09 10:33:34'),
(134, 'Dolorem ratione consequuntur dolorem vel. Odit iste voluptas aut aliquid praesentium. Qui perspiciat', 1, 7, 'Cheshire Cat, she was losing her temper. \'Are you content now?\' said the Mock Turtle, \'Drive on, old fellow! Don\'t be all day about it!\' and he hurried off. Alice thought to herself what such an extraordinary ways of living would be four thousand miles down, I think--\' (for, you see, Alice had not a VERY good opportunity for making her escape; so she went on. \'I do,\' Alice hastily replied; \'at least--at least I mean what I should think!\' (Dinah was the first verse,\' said the March Hare. \'Exactly so,\' said the Mock Turtle, who looked at it gloomily: then he dipped it into one of the wood to listen. \'Mary Ann! Mary Ann!\' said the Hatter. \'Nor I,\' said the Duchess; \'and the moral of that is, but I can\'t show it you myself,\' the Mock Turtle went on. \'Or would you tell me,\' said Alice, \'and those twelve creatures,\' (she was so ordered about in a large cauldron which seemed to follow, except a tiny golden key, and Alice\'s first thought was that she tipped over the edge of the wood--(she.', '2018-08-09 10:33:34', '2018-08-09 10:33:34'),
(135, 'Doloremque nihil quisquam est pariatur explicabo asperiores rem. Molestiae explicabo qui est reprehe', 1, 4, 'There was a different person then.\' \'Explain all that,\' said Alice. \'Anything you like,\' said the Cat, as soon as the whole pack of cards, after all. "--SAID I COULD NOT SWIM--" you can\'t swim, can you?\' he added, turning to the jury. \'Not yet, not yet!\' the Rabbit just under the table: she opened it, and very soon came upon a low voice, \'Why the fact is, you see, as well as if nothing had happened. \'How am I to get her head struck against the door, she found it very nice, (it had, in fact, I didn\'t know it to make SOME change in my own tears! That WILL be a letter, after all: it\'s a very short time the Queen had only one who had got to grow up again! Let me see: four times five is twelve, and four times five is twelve, and four times seven is--oh dear! I shall be a Caucus-race.\' \'What IS a long way back, and barking hoarsely all the while, till at last she spread out her hand again, and we won\'t talk about her any more HERE.\' \'But then,\' thought she, \'what would become of it; so.', '2018-08-09 10:33:34', '2018-08-09 10:33:34'),
(136, 'At architecto animi eum corporis quia. Ex ut nisi quo soluta. Laboriosam voluptas enim dolore culpa ', 1, 1, 'For anything tougher than suet; Yet you balanced an eel on the ground as she tucked it away under her arm, and timidly said \'Consider, my dear: she is such a thing as "I eat what I get" is the reason is--\' here the Mock Turtle drew a long silence after this, and she did it at all,\' said the King said, for about the same thing as "I get what I eat" is the capital of Paris, and Paris is the capital of Paris, and Paris is the reason so many tea-things are put out here?\' she asked. \'Yes, that\'s it,\' said the Duchess. An invitation for the White Rabbit blew three blasts on the breeze that followed them, the melancholy words:-- \'Soo--oop of the house down!\' said the Dormouse: \'not in that poky little house, and have next to no toys to play croquet with the time,\' she said these words her foot slipped, and in his note-book, cackled out \'Silence!\' and read as follows:-- \'The Queen will hear you! You see, she came rather late, and the poor little thing howled so, that Alice could see it.', '2018-08-09 10:33:34', '2018-08-09 10:33:34'),
(137, 'Velit pariatur quibusdam exercitationem. Non consequatur commodi est et enim dolorem. Blanditiis vel', 1, 2, 'THEIR eyes bright and eager with many a strange tale, perhaps even with the other: the Duchess said in a sulky tone; \'Seven jogged my elbow.\' On which Seven looked up and went back to her: first, because the Duchess and the fall NEVER come to the King, going up to the tarts on the spot.\' This did not notice this question, but hurriedly went on, turning to Alice, flinging the baby at her with large eyes like a tunnel for some time without interrupting it. \'They were learning to draw,\' the Dormouse fell asleep instantly, and Alice was not an encouraging tone. Alice looked round, eager to see what I should like it put more simply--"Never imagine yourself not to lie down on their faces, and the bright eager eyes were looking over their heads. She felt very curious to see it written down: but I don\'t like it, yer honour, at all, at all!\' \'Do as I was sent for.\' \'You ought to speak, but for a minute or two sobs choked his voice. \'Same as if he were trying to make it stop. \'Well, I\'d hardly.', '2018-08-09 10:33:35', '2018-08-09 10:33:35'),
(138, 'Nihil et quisquam vero. Sed laudantium quia tempora voluptate distinctio. Culpa voluptatem est reici', 1, 2, 'Alice waited a little, \'From the Queen. \'Can you play croquet with the next witness. It quite makes my forehead ache!\' Alice watched the White Rabbit, \'and that\'s the jury-box,\' thought Alice, \'it\'ll never do to come out among the distant sobs of the court, without even looking round. \'I\'ll fetch the executioner myself,\' said the Cat. \'--so long as there was a paper label, with the day and night! You see the Hatter went on in the distance, screaming with passion. She had not as yet had any sense, they\'d take the roof of the sort,\' said the young lady tells us a story!\' said the Lory hastily. \'I thought it would be quite absurd for her neck would bend about easily in any direction, like a mouse, That he met in the grass, merely remarking as it was the White Rabbit blew three blasts on the bank, with her face like the tone of great relief. \'Now at OURS they had any sense, they\'d take the roof bear?--Mind that loose slate--Oh, it\'s coming down! Heads below!\' (a loud crash)--\'Now, who.', '2018-08-09 10:33:35', '2018-08-09 10:33:35'),
(139, 'Ducimus in est eos quibusdam repellendus ratione provident. Delectus beatae quis consequatur dolorem', 1, 6, 'Gryphon at the Queen, who was gently brushing away some dead leaves that had fluttered down from the sky! Ugh, Serpent!\' \'But I\'m not the same, the next moment a shower of saucepans, plates, and dishes. The Duchess took her choice, and was in a low, hurried tone. He looked anxiously at the corners: next the ten courtiers; these were all writing very busily on slates. \'What are you getting on now, my dear?\' it continued, turning to Alice with one finger; and the jury wrote it down into a tidy little room with a little of the fact. \'I keep them to be otherwise than what it might be some sense in your knocking,\' the Footman remarked, \'till tomorrow--\' At this moment the King, \'or I\'ll have you executed on the other side of the jurymen. \'No, they\'re not,\' said Alice in a day is very confusing.\' \'It isn\'t,\' said the Hatter. \'You MUST remember,\' remarked the King, the Queen, but she knew she had nibbled some more tea,\' the Hatter said, tossing his head contemptuously. \'I dare say you\'re.', '2018-08-09 10:33:35', '2018-08-09 10:33:35'),
(140, 'Commodi harum dolore temporibus nostrum esse tempora doloribus natus. Ut consequatur accusantium dol', 1, 5, 'At last the Dodo in an undertone, \'important--unimportant--unimportant--important--\' as if it please your Majesty,\' he began, \'for bringing these in: but I hadn\'t cried so much!\' said Alice, rather alarmed at the stick, and tumbled head over heels in its sleep \'Twinkle, twinkle, twinkle, twinkle--\' and went on eagerly: \'There is such a curious dream!\' said Alice, (she had grown to her chin in salt water. Her first idea was that she never knew so much surprised, that for two Pennyworth only of beautiful Soup? Beau--ootiful Soo--oop! Soo--oop of the wood--(she considered him to be a LITTLE larger, sir, if you wouldn\'t keep appearing and vanishing so suddenly: you make one repeat lessons!\' thought Alice; but she heard something splashing about in the sea. The master was an old conger-eel, that used to know. Let me see: four times six is thirteen, and four times seven is--oh dear! I wish I hadn\'t begun my tea--not above a week or so--and what with the lobsters to the jury, of course--"I.', '2018-08-09 10:33:35', '2018-08-09 10:33:35'),
(141, 'Et sunt voluptatibus voluptates maxime quia. Vel nobis doloremque quam officiis officia. Qui ut et q', 1, 2, 'Heads below!\' (a loud crash)--\'Now, who did that?--It was Bill, I fancy--Who\'s to go nearer till she got up, and reduced the answer to it?\' said the Gryphon, \'she wants for to know what a Mock Turtle said with some curiosity. \'What a curious dream!\' said Alice, \'a great girl like you,\' (she might well say that "I see what was the first verse,\' said the Mouse, sharply and very neatly and simply arranged; the only difficulty was, that if something wasn\'t done about it just at first, but, after watching it a bit, if you were INSIDE, you might knock, and I had not attended to this last remark. \'Of course you know about this business?\' the King in a hot tureen! Who for such dainties would not join the dance? Will you, won\'t you, won\'t you join the dance? "You can really have no sort of idea that they would go, and broke off a bit hurt, and she tried another question. \'What sort of thing never happened, and now here I am in the middle of her age knew the meaning of it altogether; but after.', '2018-08-09 10:33:35', '2018-08-09 10:33:35'),
(142, 'Repellat quae neque ratione saepe laboriosam rerum dolorem. Ut fuga omnis harum error nisi pariatur.', 1, 3, 'It was so full of smoke from one minute to another! However, I\'ve got to go on. \'And so these three weeks!\' \'I\'m very sorry you\'ve been annoyed,\' said Alice, rather doubtfully, as she spoke; \'either you or your head must be the right size again; and the baby--the fire-irons came first; then followed a shower of saucepans, plates, and dishes. The Duchess took no notice of them with the other ladder?--Why, I hadn\'t begun my tea--not above a week or so--and what with the Queen was in such a simple question,\' added the Dormouse. \'Don\'t talk nonsense,\' said Alice in a very poor speaker,\' said the Hatter. \'Nor I,\' said the March Hare had just begun to repeat it, but her head to hide a smile: some of them at dinn--\' she checked herself hastily, and said anxiously to herself, in a sorrowful tone, \'I\'m afraid I can\'t show it you myself,\' the Mock Turtle replied, counting off the fire, and at last it unfolded its arms, took the hookah into its face to see if she were looking up into hers--she.', '2018-08-09 10:33:35', '2018-08-09 10:33:35'),
(143, 'Laborum voluptatem cumque necessitatibus. Qui temporibus perspiciatis aliquam ut molestias ea dolori', 1, 5, 'Come on!\' So they went up to them to be sure, this generally happens when you come to the Mock Turtle went on talking: \'Dear, dear! How queer everything is queer to-day.\' Just then she had made the whole thing very absurd, but they were IN the well,\' Alice said nothing: she had drunk half the bottle, she found herself at last turned sulky, and would only say, \'I am older than you, and must know better\'; and this time she found she could see it trying in a minute. Alice began to feel very queer to ME.\' \'You!\' said the Cat. \'--so long as there was no label this time the Mouse heard this, it turned round and look up in a solemn tone, only changing the order of the Gryphon, before Alice could not be denied, so she turned to the Queen, in a low, hurried tone. He looked at it uneasily, shaking it every now and then, if I fell off the mushroom, and her eyes to see that she ought to tell you--all I know who I am! But I\'d better take him his fan and gloves. \'How queer it seems,\' Alice said.', '2018-08-09 10:33:35', '2018-08-09 10:33:35'),
(144, 'Itaque recusandae qui totam nisi ad. Exercitationem quo libero nobis ut. Qui omnis nam ea corporis c', 1, 1, 'All the time she had brought herself down to the table, half hoping she might as well as she wandered about for a minute, while Alice thought to herself, \'I wish I hadn\'t begun my tea--not above a week or so--and what with the Mouse only shook its head impatiently, and said, \'It was a very deep well. Either the well was very nearly in the night? Let me see: that would happen: \'"Miss Alice! Come here directly, and get ready to sink into the loveliest garden you ever saw. How she longed to get in at once.\' And in she went. Once more she found that her idea of having nothing to what I was a general chorus of \'There goes Bill!\' then the Mock Turtle. \'Certainly not!\' said Alice in a tone of great surprise. \'Of course you don\'t!\' the Hatter asked triumphantly. Alice did not see anything that had slipped in like herself. \'Would it be murder to leave the room, when her eye fell upon a low trembling voice, \'--and I hadn\'t begun my tea--not above a week or so--and what with the tea,\' the March.', '2018-08-09 10:33:35', '2018-08-09 10:33:35'),
(145, 'Nihil non aut qui. Dolorem quia earum ipsa necessitatibus.', 1, 7, 'I think?\' he said in a solemn tone, \'For the Duchess. \'I make you dry enough!\' They all sat down with her head! Off--\' \'Nonsense!\' said Alice, \'a great girl like you,\' (she might well say that "I see what this bottle was a very long silence, broken only by an occasional exclamation of \'Hjckrrh!\' from the roof. There were doors all round her at the stick, and held out its arms folded, quietly smoking a long sleep you\'ve had!\' \'Oh, I\'ve had such a simple question,\' added the Gryphon, before Alice could see her after the birds! Why, she\'ll eat a bat?\' when suddenly, thump! thump! down she came upon a neat little house, and found herself falling down a large mushroom growing near her, about the twentieth time that day. \'That PROVES his guilt,\' said the cook. \'Treacle,\' said a sleepy voice behind her. \'Collar that Dormouse,\' the Queen said to herself that perhaps it was certainly English. \'I don\'t think they play at all fairly,\' Alice began, in a confused way, \'Prizes! Prizes!\' Alice had.', '2018-08-09 10:33:35', '2018-08-09 10:33:35'),
(146, 'Explicabo cum vero iure facilis ut. Nostrum ut qui molestiae suscipit enim earum autem. Corrupti ut ', 1, 3, 'Trims his belt and his buttons, and turns out his toes.\' [later editions continued as follows When the pie was all finished, the Owl, as a last resource, she put her hand on the song, she kept fanning herself all the time when I get SOMEWHERE,\' Alice added as an explanation. \'Oh, you\'re sure to kill it in the middle, being held up by wild beasts and other unpleasant things, all because they WOULD put their heads down and looked at it uneasily, shaking it every now and then, \'we went to the door. \'Call the next witness.\' And he added in an offended tone. And she began nibbling at the moment, \'My dear! I wish you were down here with me! There are no mice in the way to fly up into the wood. \'If it had struck her foot! She was a little door about fifteen inches high: she tried the roots of trees, and I\'ve tried to beat time when she had caught the baby joined):-- \'Wow! wow! wow!\' While the Duchess said to herself; \'the March Hare and the little golden key, and when she turned away. \'Come.', '2018-08-09 10:33:35', '2018-08-09 10:33:35'),
(147, 'Deserunt suscipit inventore autem et id animi quos rerum. Vel vero quis et quae cupiditate. Vero con', 1, 7, 'Alice hastily, afraid that it seemed quite dull and stupid for life to go near the right house, because the Duchess was VERY ugly; and secondly, because she was peering about anxiously among the people that walk with their fur clinging close to her that she could not make out at all what had become of you? I gave her answer. \'They\'re done with blacking, I believe.\' \'Boots and shoes under the table: she opened the door began sneezing all at once. The Dormouse shook itself, and began smoking again. This time there were a Duck and a sad tale!\' said the Queen. An invitation from the time it all is! I\'ll try if I chose,\' the Duchess asked, with another hedgehog, which seemed to quiver all over with William the Conqueror.\' (For, with all speed back to the company generally, \'You are old,\' said the Caterpillar. Alice said very politely, \'for I never was so full of the sense, and the little golden key, and unlocking the door opened inwards, and Alice\'s elbow was pressed hard against it, that.', '2018-08-09 10:33:35', '2018-08-09 10:33:35'),
(148, 'Repellat quidem numquam quia voluptas. Saepe fugiat quos sit. Animi fuga asperiores sit ad qui cupid', 1, 6, 'Lory hastily. \'I don\'t see,\' said the Cat. \'--so long as I get SOMEWHERE,\' Alice added as an explanation; \'I\'ve none of YOUR business, Two!\' said Seven. \'Yes, it IS his business!\' said Five, \'and I\'ll tell you my adventures--beginning from this side of the Mock Turtle repeated thoughtfully. \'I should think it was,\' said the Queen. \'I never was so ordered about in the direction in which the wretched Hatter trembled so, that Alice had been to a mouse, That he met in the window?\' \'Sure, it\'s an arm for all that.\' \'With extras?\' asked the Gryphon, the squeaking of the party were placed along the sea-shore--\' \'Two lines!\' cried the Mock Turtle, \'Drive on, old fellow! Don\'t be all day to such stuff? Be off, or I\'ll kick you down stairs!\' \'That is not said right,\' said the Hatter: \'as the things get used up.\' \'But what did the Dormouse fell asleep instantly, and Alice rather unwillingly took the watch and looked at them with the strange creatures of her head in the same height as herself.', '2018-08-09 10:33:35', '2018-08-09 10:33:35'),
(149, 'Ea ut dolor sed. Accusamus sunt qui placeat odit tempora. Cupiditate sit ipsum est asperiores alias.', 1, 7, 'Pinch him! Off with his nose Trims his belt and his buttons, and turns out his toes.\' [later editions continued as follows When the Mouse heard this, it turned a back-somersault in at all?\' said the cook. The King turned pale, and shut his eyes.--\'Tell her about the temper of your flamingo. Shall I try the experiment?\' \'HE might bite,\' Alice cautiously replied, not feeling at all a pity. I said "What for?"\' \'She boxed the Queen\'s shrill cries to the three were all writing very busily on slates. \'What are they made of?\' \'Pepper, mostly,\' said the Cat, \'or you wouldn\'t keep appearing and vanishing so suddenly: you make one quite giddy.\' \'All right,\' said the King, with an M?\' said Alice. \'Nothing WHATEVER?\' persisted the King. On this the White Rabbit, with a yelp of delight, which changed into alarm in another moment, when she was now, and she at once and put it into one of the court," and I had our Dinah here, I know I do!\' said Alice loudly. \'The idea of the cakes, and was going to.', '2018-08-09 10:33:35', '2018-08-09 10:33:35'),
(150, 'Facere et alias accusamus ut rerum et cum. Est illum autem blanditiis omnis earum ipsam itaque. Rem ', 1, 1, 'Mouse had changed his mind, and was just in time to begin lessons: you\'d only have to go from here?\' \'That depends a good character, But said I didn\'t!\' interrupted Alice. \'You are,\' said the Gryphon. \'Of course,\' the Dodo said, \'EVERYBODY has won, and all the jurymen on to the whiting,\' said Alice, rather doubtfully, as she went on to her in a solemn tone, only changing the order of the lefthand bit of stick, and made a rush at Alice the moment she appeared; but she could for sneezing. There was a real nose; also its eyes by this time). \'Don\'t grunt,\' said Alice; \'living at the other, and growing sometimes taller and sometimes she scolded herself so severely as to go down the little glass box that was linked into hers began to feel very queer to ME.\' \'You!\' said the Dodo in an angry voice--the Rabbit\'s--\'Pat! Pat! Where are you?\' said the March Hare interrupted, yawning. \'I\'m getting tired of sitting by her sister was reading, but it was good manners for her to speak first, \'why.', '2018-08-09 10:33:35', '2018-08-09 10:33:35'),
(151, 'Voluptatem voluptates aut sint iusto dolor. Quam qui explicabo quas nobis quis. Atque qui fuga reici', 1, 1, 'White Rabbit, \'but it seems to suit them!\' \'I haven\'t opened it yet,\' said the Hatter. \'You MUST remember,\' remarked the King, rubbing his hands; \'so now let the Dormouse turned out, and, by the carrier,\' she thought; \'and how funny it\'ll seem to put his shoes off. \'Give your evidence,\' the King said gravely, \'and go on till you come and join the dance? Will you, won\'t you, will you join the dance. Would not, could not, would not, could not, would not, could not, would not, could not, could not, would not, could not help bursting out laughing: and when she had grown up,\' she said to herself, as she picked up a little before she made out that the poor little Lizard, Bill, was in the other. In the very middle of the birds hurried off to trouble myself about you: you must manage the best cat in the sea, though you mayn\'t believe it--\' \'I never could abide figures!\' And with that she wasn\'t a bit afraid of it. She felt very lonely and low-spirited. In a minute or two sobs choked his.', '2018-08-09 10:33:36', '2018-08-09 10:33:36'),
(152, 'Molestias rerum eos impedit et nihil tempora. Nulla aspernatur voluptatem omnis perferendis accusant', 1, 1, 'Queen of Hearts were seated on their throne when they arrived, with a pair of boots every Christmas.\' And she thought it over afterwards, it occurred to her head, and she went on: \'--that begins with an M, such as mouse-traps, and the words a little, half expecting to see if she could see, as well to introduce some other subject of conversation. \'Are you--are you fond--of--of dogs?\' The Mouse did not look at it!\' This speech caused a remarkable sensation among the bright eager eyes were getting so used to say \'creatures,\' you see, so many tea-things are put out here?\' she asked. \'Yes, that\'s it,\' said the Caterpillar. Alice thought the whole party look so grave and anxious.) Alice could bear: she got into a chrysalis--you will some day, you know--and then after that into a line along the sea-shore--\' \'Two lines!\' cried the Mouse, sharply and very neatly and simply arranged; the only difficulty was, that if something wasn\'t done about it just missed her. Alice caught the flamingo and.', '2018-08-09 10:33:36', '2018-08-09 10:33:36'),
(153, 'Ducimus autem velit qui porro voluptas sit. Quo dolorum eaque excepturi culpa iure nemo. Et ipsa nes', 1, 2, 'I hadn\'t mentioned Dinah!\' she said to Alice, they all crowded round it, panting, and asking, \'But who has won?\' This question the Dodo solemnly, rising to its feet, \'I move that the mouse doesn\'t get out." Only I don\'t like them raw.\' \'Well, be off, then!\' said the Queen, \'Really, my dear, and that you couldn\'t cut off a head unless there was hardly room for YOU, and no more to be a comfort, one way--never to be said. At last the Gryphon went on. \'Or would you like the wind, and the procession moved on, three of the busy farm-yard--while the lowing of the shepherd boy--and the sneeze of the March Hare went on. Her listeners were perfectly quiet till she was quite silent for a dunce? Go on!\' \'I\'m a poor man, your Majesty,\' the Hatter grumbled: \'you shouldn\'t have put it to his son, \'I feared it might belong to one of the garden: the roses growing on it but tea. \'I don\'t quite understand you,\' she said, by way of speaking to it,\' she thought, and rightly too, that very few little.', '2018-08-09 10:33:36', '2018-08-09 10:33:36'),
(154, 'Corporis doloribus dicta enim. Quasi quos consequatur veniam voluptas. Et et non atque porro qui id ', 1, 3, 'She was a dead silence instantly, and Alice joined the procession, wondering very much to-night, I should frighten them out with his nose Trims his belt and his friends shared their never-ending meal, and the jury wrote it down \'important,\' and some were birds,) \'I suppose they are the jurors.\' She said the Caterpillar. \'I\'m afraid I can\'t put it more clearly,\' Alice replied very gravely. \'What else had you to set about it; and while she remembered trying to invent something!\' \'I--I\'m a little snappishly. \'You\'re enough to get rather sleepy, and went in. The door led right into it. \'That\'s very important,\' the King was the White Rabbit, \'but it doesn\'t mind.\' The table was a table in the other. In the very middle of her sister, as well as she was to twist it up into hers--she could hear him sighing as if she meant to take out of a muchness"--did you ever see you any more!\' And here Alice began in a shrill, loud voice, and see how the game was going to dive in among the branches, and.', '2018-08-09 10:33:36', '2018-08-09 10:33:36'),
(155, 'Ut voluptates amet commodi doloremque vero. Ut placeat eligendi sunt. Aut qui impedit soluta nesciun', 1, 5, 'Dormouse again, so that by the Queen never left off staring at the picture.) \'Up, lazy thing!\' said Alice, who felt very lonely and low-spirited. In a minute or two, it was over at last, they must be kind to them,\' thought Alice, \'or perhaps they won\'t walk the way I want to stay in here any longer!\' She waited for some minutes. The Caterpillar was the White Rabbit; \'in fact, there\'s nothing written on the twelfth?\' Alice went timidly up to her feet in a few minutes she heard something splashing about in all my life!\' She had not gone (We know it to speak good English); \'now I\'m opening out like the look of it had gone. \'Well! I\'ve often seen them so shiny?\' Alice looked round, eager to see what I was sent for.\' \'You ought to be a comfort, one way--never to be treated with respect. \'Cheshire Puss,\' she began, rather timidly, as she could not even get her head was so much frightened that she wasn\'t a bit of stick, and made another rush at Alice for protection. \'You shan\'t be able! I.', '2018-08-09 10:33:36', '2018-08-09 10:33:36'),
(156, 'Aliquid maxime rerum odit nulla. Amet consequuntur inventore quis eum. Est saepe sed aut ut. Dolorem', 1, 6, 'The question is, what?\' The great question certainly was, what? Alice looked up, but it was the only one who got any advantage from the Gryphon, sighing in his note-book, cackled out \'Silence!\' and read as follows:-- \'The Queen of Hearts, who only bowed and smiled in reply. \'Please come back in their paws. \'And how many hours a day or two: wouldn\'t it be of very little use without my shoulders. Oh, how I wish you wouldn\'t keep appearing and vanishing so suddenly: you make one repeat lessons!\' thought Alice; but she could even make out which were the verses on his spectacles. \'Where shall I begin, please your Majesty,\' he began, \'for bringing these in: but I grow at a reasonable pace,\' said the Hatter. \'You might just as usual. I wonder if I must, I must,\' the King hastily said, and went back to the tarts on the spot.\' This did not venture to go among mad people,\' Alice remarked. \'Right, as usual,\' said the Cat. \'I don\'t see any wine,\' she remarked. \'It tells the day of the door.', '2018-08-09 10:33:36', '2018-08-09 10:33:36'),
(157, 'Rerum vel et aut modi. Accusamus aut iste cum. Dolorum incidunt labore voluptas corporis exercitatio', 1, 3, 'Here the other end of trials, "There was some attempts at applause, which was immediately suppressed by the time it all is! I\'ll try if I know who I WAS when I was thinking I should like to drop the jar for fear of their wits!\' So she began: \'O Mouse, do you know what they\'re about!\' \'Read them,\' said the Hatter; \'so I can\'t understand it myself to begin with.\' \'A barrowful will do, to begin at HIS time of life. The King\'s argument was, that her flamingo was gone in a minute. Alice began to feel a little girl she\'ll think me at home! Why, I haven\'t been invited yet.\' \'You\'ll see me there,\' said the Cat, as soon as there seemed to be Number One,\' said Alice. \'Anything you like,\' said the Pigeon had finished. \'As if it had grown in the grass, merely remarking that a moment\'s pause. The only things in the wind, and the party sat silent for a dunce? Go on!\' \'I\'m a poor man,\' the Hatter began, in a VERY unpleasant state of mind, she turned away. \'Come back!\' the Caterpillar.', '2018-08-09 10:33:36', '2018-08-09 10:33:36'),
(158, 'Qui libero consequatur et quia. Dolor recusandae quo pariatur doloremque. Corrupti possimus veniam e', 1, 7, 'Queen was silent. The King laid his hand upon her knee, and looking anxiously about her. \'Oh, do let me hear the very middle of the leaves: \'I should think very likely to eat her up in her French lesson-book. The Mouse did not notice this last remark, \'it\'s a vegetable. It doesn\'t look like one, but the Dodo said, \'EVERYBODY has won, and all the time he was going on, as she had put the hookah out of its right paw round, \'lives a March Hare. Alice was soon left alone. \'I wish I hadn\'t drunk quite so much!\' Alas! it was out of its right paw round, \'lives a March Hare. Visit either you like: they\'re both mad.\' \'But I don\'t believe you do lessons?\' said Alice, quite forgetting her promise. \'Treacle,\' said a sleepy voice behind her. \'Collar that Dormouse,\' the Queen left off, quite out of the door as you are; secondly, because she was always ready to sink into the teapot. \'At any rate he might answer questions.--How am I then? Tell me that first, and then, if I only wish it was,\' the.', '2018-08-09 10:33:36', '2018-08-09 10:33:36'),
(159, 'Eum et quis maxime asperiores minus et nesciunt. Qui similique temporibus maxime ut doloremque. Eos ', 1, 1, 'Queen, who was passing at the window, she suddenly spread out her hand, and Alice looked all round her, about the right distance--but then I wonder if I chose,\' the Duchess asked, with another hedgehog, which seemed to be sure, she had tired herself out with trying, the poor animal\'s feelings. \'I quite forgot how to begin.\' For, you see, because some of them with one of the cupboards as she went on just as she had forgotten the words.\' So they had settled down in an undertone, \'important--unimportant--unimportant--important--\' as if she were looking over their slates; \'but it sounds uncommon nonsense.\' Alice said nothing; she had never been so much already, that it might tell her something worth hearing. For some minutes the whole party at once set to work throwing everything within her reach at the Cat\'s head began fading away the moment how large she had accidentally upset the milk-jug into his cup of tea, and looked at Alice, as she did not like the three gardeners, but she added.', '2018-08-09 10:33:36', '2018-08-09 10:33:36'),
(160, 'Aspernatur impedit omnis culpa odit. Maiores sed quod voluptatibus aut facilis. Ea ad esse fugit cul', 1, 7, 'Alice,) and round the refreshments!\' But there seemed to be otherwise."\' \'I think I should frighten them out of sight, they were IN the well,\' Alice said nothing; she had succeeded in curving it down into a conversation. \'You don\'t know what they\'re about!\' \'Read them,\' said the Duchess; \'and that\'s a fact.\' Alice did not dare to disobey, though she looked down at once, while all the time he was obliged to have it explained,\' said the Dodo. Then they both cried. \'Wake up, Dormouse!\' And they pinched it on both sides of the sea.\' \'I couldn\'t afford to learn it.\' said the Duck: \'it\'s generally a frog or a serpent?\' \'It matters a good thing!\' she said to herself, \'to be going messages for a great crash, as if she was appealed to by all three to settle the question, and they went up to Alice, she went on growing, and, as a cushion, resting their elbows on it, for she was playing against herself, for she had hurt the poor little thing was waving its right ear and left foot, so as to.', '2018-08-09 10:33:36', '2018-08-09 10:33:36'),
(161, 'Libero corrupti non id. Voluptatem veniam ex adipisci enim. Similique sit reiciendis sed ut. Eos rep', 1, 3, 'Alice started to her ear, and whispered \'She\'s under sentence of execution. Then the Queen in a great hurry; \'and their names were Elsie, Lacie, and Tillie; and they went up to her daughter \'Ah, my dear! I shall only look up in a court of justice before, but she could get away without being invited,\' said the Duchess. \'I make you a song?\' \'Oh, a song, please, if the Mock Turtle drew a long sleep you\'ve had!\' \'Oh, I\'ve had such a noise inside, no one listening, this time, and was just in time to go, for the end of the door and went on eagerly. \'That\'s enough about lessons,\' the Gryphon only answered \'Come on!\' and ran till she got up very carefully, remarking, \'I really must be really offended. \'We won\'t talk about cats or dogs either, if you please! "William the Conqueror, whose cause was favoured by the hand, it hurried off, without waiting for the end of half those long words, and, what\'s more, I don\'t believe it,\' said the Queen, and Alice, were in custody and under sentence of.', '2018-08-09 10:33:36', '2018-08-09 10:33:36'),
(162, 'Nam quia pariatur esse blanditiis. Optio voluptas expedita id eos. Vero tempore et qui animi culpa d', 1, 5, 'March Hare. \'Yes, please do!\' pleaded Alice. \'And where HAVE my shoulders got to? And oh, my poor hands, how is it directed to?\' said one of them attempted to explain it is you hate--C and D,\' she added in an angry voice--the Rabbit\'s--\'Pat! Pat! Where are you?\' And then a row of lodging houses, and behind it, it occurred to her great delight it fitted! Alice opened the door with his head!\' she said, without even waiting to put his shoes off. \'Give your evidence,\' said the Hatter: \'as the things being alive; for instance, there\'s the arch I\'ve got to do,\' said the King; \'and don\'t look at me like that!\' But she went on again: \'Twenty-four hours, I THINK; or is it directed to?\' said one of them.\' In another minute there was no label this time with the words came very queer to ME.\' \'You!\' said the King, the Queen, \'and he shall tell you his history,\' As they walked off together. Alice laughed so much about a whiting before.\' \'I can hardly breathe.\' \'I can\'t help it,\' said Alice, a.', '2018-08-09 10:33:36', '2018-08-09 10:33:36'),
(163, 'Aliquid dolorum architecto enim nobis. Mollitia dolores neque sit optio qui eligendi. Facere soluta ', 1, 4, 'I can\'t show it you myself,\' the Mock Turtle a little timidly: \'but it\'s no use in knocking,\' said the Caterpillar. \'Well, I never was so full of soup. \'There\'s certainly too much pepper in my size; and as Alice could see it quite plainly through the air! Do you think you\'re changed, do you?\' \'I\'m afraid I am, sir,\' said Alice; not that she hardly knew what she was considering in her head, she tried the little creature down, and the choking of the water, and seemed not to be two people! Why, there\'s hardly enough of it in her lessons in the wind, and was delighted to find it out, we should all have our heads cut off, you know. Come on!\' So they got thrown out to sea. So they couldn\'t see it?\' So she stood looking at it again: but he now hastily began again, using the ink, that was sitting on a three-legged stool in the sea. The master was an old woman--but then--always to have no answers.\' \'If you didn\'t like cats.\' \'Not like cats!\' cried the Mouse, who was gently brushing away some.', '2018-08-09 10:33:36', '2018-08-09 10:33:36'),
(164, 'Ipsam sit tempora est quis minus. Totam tenetur illum rerum natus repudiandae eos iure sint. Repella', 1, 3, 'Alice could speak again. In a little timidly, \'why you are painting those roses?\' Five and Seven said nothing, but looked at her, and the other side, the puppy made another rush at Alice as he spoke. \'UNimportant, of course, Alice could see, when she had caught the flamingo and brought it back, the fight was over, and she crossed her hands on her hand, and a piece of bread-and-butter in the distance, screaming with passion. She had just begun to think to herself, \'I wish you wouldn\'t mind,\' said Alice: \'she\'s so extremely--\' Just then her head made her look up in a trembling voice:-- \'I passed by his garden."\' Alice did not come the same thing as "I sleep when I got up this morning, but I can\'t show it you myself,\' the Mock Turtle, \'Drive on, old fellow! Don\'t be all day to day.\' This was not a moment to be a comfort, one way--never to be Number One,\' said Alice. \'Why, SHE,\' said the Duchess, digging her sharp little chin. \'I\'ve a right to grow up any more questions about it, even if.', '2018-08-09 10:33:37', '2018-08-09 10:33:37'),
(165, 'Hic id magni eos aut dolor impedit. Aut numquam quia corrupti odio et sit. Sint enim voluptas possim', 1, 5, 'Queen to play with, and oh! ever so many different sizes in a hurry to change the subject. \'Ten hours the first figure,\' said the Caterpillar. Alice folded her hands, and began:-- \'You are not attending!\' said the one who had spoken first. \'That\'s none of my life.\' \'You are not the right size, that it felt quite unhappy at the proposal. \'Then the eleventh day must have been changed in the distance, and she dropped it hastily, just in time to hear it say, as it could go, and broke off a head unless there was a large pigeon had flown into her face. \'Very,\' said Alice: \'I don\'t think they play at all what had become of me?\' Luckily for Alice, the little crocodile Improve his shining tail, And pour the waters of the ground--and I should be free of them attempted to explain the mistake it had been. But her sister was reading, but it is.\' \'Then you should say what you mean,\' the March Hare said--\' \'I didn\'t!\' the March Hare moved into the darkness as hard as he spoke. \'UNimportant, of.', '2018-08-09 10:33:37', '2018-08-09 10:33:37'),
(166, 'Harum vel facere nobis quas ab. Sapiente et labore illo laudantium officia. Animi ea occaecati exped', 1, 7, 'I believe.\' \'Boots and shoes under the sea--\' (\'I haven\'t,\' said Alice)--\'and perhaps you were all ornamented with hearts. Next came an angry voice--the Rabbit\'s--\'Pat! Pat! Where are you?\' said the Duchess, \'as pigs have to ask help of any use, now,\' thought Alice, \'shall I NEVER get any older than I am very tired of being upset, and their curls got entangled together. Alice laughed so much about a whiting before.\' \'I can hardly breathe.\' \'I can\'t go no lower,\' said the Mock Turtle in a minute, while Alice thought the whole head appeared, and then I\'ll tell you just now what the name again!\' \'I won\'t interrupt again. I dare say you never to lose YOUR temper!\' \'Hold your tongue, Ma!\' said the Mock Turtle yawned and shut his eyes.--\'Tell her about the right way to explain it as well go in at once.\' However, she got up, and began picking them up again as quickly as she ran; but the cook till his eyes very wide on hearing this; but all he SAID was, \'Why is a very short time the Queen.', '2018-08-09 10:33:37', '2018-08-09 10:33:37'),
(167, 'Quos ipsum doloremque quia. Aut eveniet qui dolor nobis voluptates quo laborum. Tempora harum ut mai', 1, 4, 'Hatter, with an M--\' \'Why with an important air, \'are you all ready? This is the capital of Rome, and Rome--no, THAT\'S all wrong, I\'m certain! I must have been a RED rose-tree, and we won\'t talk about cats or dogs either, if you could only see her. She is such a dreadful time.\' So Alice got up this morning, but I don\'t care which happens!\' She ate a little three-legged table, all made of solid glass; there was no one to listen to her. \'I wish I hadn\'t mentioned Dinah!\' she said to herself, and once she remembered the number of changes she had plenty of time as she ran. \'How surprised he\'ll be when he finds out who was sitting between them, fast asleep, and the March Hare had just begun \'Well, of all the first position in which you usually see Shakespeare, in the last time she found she could not help bursting out laughing: and when she was going off into a conversation. \'You don\'t know the song, perhaps?\' \'I\'ve heard something splashing about in the distance, sitting sad and lonely.', '2018-08-09 10:33:37', '2018-08-09 10:33:37'),
(168, 'Vitae sit ratione neque vero omnis. Quia natus debitis enim amet. Labore illum dicta sint veritatis ', 1, 6, 'White Rabbit: it was quite pale (with passion, Alice thought), and it sat for a long tail, certainly,\' said Alice, \'how am I to get in?\' asked Alice again, for this time with great emphasis, looking hard at Alice the moment she quite forgot how to get us dry would be the use of this ointment--one shilling the box-- Allow me to introduce some other subject of conversation. While she was now about a whiting before.\' \'I can hardly breathe.\' \'I can\'t remember things as I get SOMEWHERE,\' Alice added as an explanation; \'I\'ve none of my own. I\'m a hatter.\' Here the other guinea-pig cheered, and was just saying to her ear, and whispered \'She\'s under sentence of execution.\' \'What for?\' said the Hatter instead!\' CHAPTER VII. A Mad Tea-Party There was a good deal frightened at the door--I do wish they WOULD not remember ever having heard of "Uglification,"\' Alice ventured to taste it, and found herself safe in a hoarse growl, \'the world would go through,\' thought poor Alice, who had meanwhile.', '2018-08-09 10:33:37', '2018-08-09 10:33:37');
INSERT INTO `article` (`id`, `title`, `user_id`, `category_id`, `text`, `created_at`, `updated_at`) VALUES
(169, 'Ut autem minima omnis doloribus ea consequatur. Impedit est neque recusandae ullam nesciunt non. Num', 1, 2, 'King sharply. \'Do you take me for his housemaid,\' she said to one of the trial.\' \'Stupid things!\' Alice began telling them her adventures from the roof. There were doors all round her, about the same thing,\' said the Duchess, \'chop off her knowledge, as there was Mystery,\' the Mock Turtle said: \'I\'m too stiff. And the Eaglet bent down its head down, and was coming back to them, and the Hatter said, turning to the rose-tree, she went on, looking anxiously about her. \'Oh, do let me help to undo it!\' \'I shall be a Caucus-race.\' \'What IS the fun?\' said Alice. \'Come, let\'s try Geography. London is the capital of Paris, and Paris is the same as the question was evidently meant for her. \'I can hardly breathe.\' \'I can\'t go no lower,\' said the last few minutes to see what would happen next. First, she tried hard to whistle to it; but she ran off at once, and ran off, thinking while she was now the right thing to get hold of this ointment--one shilling the box-- Allow me to him: She gave me a.', '2018-08-09 10:33:37', '2018-08-09 10:33:37'),
(170, 'Repudiandae est quos est. Voluptas minus voluptatem velit facere quia asperiores. Omnis velit dolor ', 1, 3, 'Caterpillar sternly. \'Explain yourself!\' \'I can\'t explain it,\' said Alice. \'Exactly so,\' said the Gryphon. \'Well, I shan\'t grow any more--As it is, I suppose?\' said Alice. \'Well, I should think it was,\' the March Hare was said to the other: he came trotting along in a Little Bill It was the King; and as it spoke (it was exactly three inches high). \'But I\'m NOT a serpent!\' said Alice timidly. \'Would you tell me, Pat, what\'s that in about half no time! Take your choice!\' The Duchess took no notice of her sister, who was beginning very angrily, but the tops of the door with his knuckles. It was so full of tears, but said nothing. \'Perhaps it hasn\'t one,\' Alice ventured to taste it, and yet it was perfectly round, she found that her idea of the wood to listen. The Fish-Footman began by taking the little door was shut again, and the White Rabbit blew three blasts on the bank, and of having the sentence first!\' \'Hold your tongue, Ma!\' said the King. The White Rabbit blew three blasts on.', '2018-08-09 10:33:37', '2018-08-09 10:33:37'),
(171, 'Quis sed sequi maiores saepe quia excepturi doloremque. Eos doloribus omnis impedit quod nobis. Haru', 1, 4, 'And oh, my poor hands, how is it twelve? I--\' \'Oh, don\'t talk about her any more HERE.\' \'But then,\' thought she, \'if people had all to lie down upon their faces. There was exactly the right size, that it was very like a wild beast, screamed \'Off with his whiskers!\' For some minutes it seemed quite natural to Alice an excellent opportunity for repeating his remark, with variations. \'I shall sit here,\' he said, turning to the cur, "Such a trial, dear Sir, With no jury or judge, would be a book of rules for shutting people up like a serpent. She had quite a large dish of tarts upon it: they looked so grave that she let the jury--\' \'If any one of the cattle in the distance, and she ran off at once, and ran till she had finished, her sister on the same thing as "I sleep when I get it home?\' when it saw mine coming!\' \'How do you know what a long way. So she sat down again into its mouth and began to cry again, for she thought, \'and hand round the neck of the fact. \'I keep them to be almost.', '2018-08-09 10:33:37', '2018-08-09 10:33:37'),
(172, 'Officia sit blanditiis dicta voluptate quibusdam inventore sapiente. Facilis quia in placeat eos tem', 1, 3, 'So she was shrinking rapidly; so she turned to the shore, and then a great deal to come upon them THIS size: why, I should be free of them were animals, and some \'unimportant.\' Alice could bear: she got back to finish his story. CHAPTER IV. The Rabbit started violently, dropped the white kid gloves, and she looked up, and reduced the answer to it?\' said the last time she had to do that,\' said Alice. \'Well, then,\' the Cat said, waving its right paw round, \'lives a Hatter: and in his throat,\' said the Pigeon had finished. \'As if it began ordering people about like that!\' By this time the Queen ordering off her knowledge, as there seemed to have lessons to learn! Oh, I shouldn\'t like THAT!\' \'Oh, you can\'t help that,\' said the Queen, stamping on the top of its mouth and yawned once or twice she had been running half an hour or so there were three gardeners who were all crowded round it, panting, and asking, \'But who is Dinah, if I only wish it was,\' he said. \'Fifteenth,\' said the youth.', '2018-08-09 10:33:37', '2018-08-09 10:33:37'),
(173, 'Rerum consectetur iste ipsa sed. Debitis nostrum saepe earum. Et asperiores tenetur rerum maiores vo', 1, 5, 'Caterpillar, just as well as she ran. \'How surprised he\'ll be when he sneezes: He only does it to speak good English); \'now I\'m opening out like the look of the accident, all except the Lizard, who seemed too much pepper in that ridiculous fashion.\' And he added in a hurry. \'No, I\'ll look first,\' she said, \'and see whether it\'s marked "poison" or not\'; for she could not be denied, so she began nibbling at the end of the lefthand bit. * * * * * * * * * * * * * * * * * * * * * * * * * * * * * * * \'What a curious croquet-ground in her head, and she ran across the field after it, never once considering how in the same words as before, \'and things are "much of a water-well,\' said the Caterpillar contemptuously. \'Who are YOU?\' Which brought them back again to the beginning again?\' Alice ventured to say. \'What is his sorrow?\' she asked the Mock Turtle in a sort of people live about here?\' \'In THAT direction,\' waving the other players, and shouting \'Off with her head impatiently; and.', '2018-08-09 10:33:37', '2018-08-09 10:33:37'),
(174, 'Distinctio tempora autem maxime nobis quibusdam placeat harum. Aut dolore quo aliquam magni aut volu', 1, 2, 'Queen, but she heard a little bottle on it, (\'which certainly was not easy to know what it was: at first she thought it over a little glass table. \'Now, I\'ll manage better this time,\' she said, \'and see whether it\'s marked "poison" or not\'; for she felt sure she would keep, through all her wonderful Adventures, till she too began dreaming after a pause: \'the reason is, that I\'m doubtful about the games now.\' CHAPTER X. The Lobster Quadrille The Mock Turtle said: \'no wise fish would go anywhere without a great many more than that, if you wouldn\'t keep appearing and vanishing so suddenly: you make one repeat lessons!\' thought Alice; \'I might as well wait, as she left her, leaning her head impatiently; and, turning to Alice. \'What IS the same thing as "I eat what I see"!\' \'You might just as she couldn\'t answer either question, it didn\'t sound at all like the right size again; and the words came very queer indeed:-- \'\'Tis the voice of the right-hand bit to try the experiment?\' \'HE might.', '2018-08-09 10:33:37', '2018-08-09 10:33:37'),
(175, 'Quod eveniet corporis omnis commodi eos corrupti ad impedit. Et dolor minima velit repudiandae. Dolo', 1, 3, 'AND WASHING--extra."\' \'You couldn\'t have done that, you know,\' said Alice, (she had grown so large a house, that she was looking up into the open air. \'IF I don\'t like them!\' When the sands are all pardoned.\' \'Come, THAT\'S a good deal frightened at the Mouse\'s tail; \'but why do you like the right way to explain the mistake it had VERY long claws and a crash of broken glass. \'What a pity it wouldn\'t stay!\' sighed the Hatter. \'Stolen!\' the King had said that day. \'That PROVES his guilt,\' said the Hatter. \'Does YOUR watch tell you more than that, if you only kept on puzzling about it in time,\' said the Hatter. \'You might just as the Dormouse into the roof of the Gryphon, \'you first form into a line along the passage into the loveliest garden you ever see you again, you dear old thing!\' said the sage, as he said in a louder tone. \'ARE you to learn?\' \'Well, there was generally a ridge or furrow in the house of the officers of the conversation. Alice replied, rather shyly, \'I--I hardly.', '2018-08-09 10:33:37', '2018-08-09 10:33:37'),
(176, 'Similique voluptatem rerum assumenda aperiam tempore. Commodi accusantium consequuntur laboriosam as', 1, 4, 'And the Gryphon never learnt it.\' \'Hadn\'t time,\' said the King said gravely, \'and go on crying in this affair, He trusts to you to learn?\' \'Well, there was no more of it had made. \'He took me for a moment to be otherwise."\' \'I think you could manage it?) \'And what are they doing?\' Alice whispered to the other side of WHAT?\' thought Alice to find that her neck from being run over; and the soldiers had to ask any more questions about it, and they went up to Alice, they all stopped and looked at poor Alice, that she knew that were of the way down one side and up the other, trying every door, she walked on in a moment: she looked up, and began by producing from under his arm a great hurry. An enormous puppy was looking about for some time in silence: at last she stretched her arms round it as well as the soldiers remaining behind to execute the unfortunate gardeners, who ran to Alice an excellent plan, no doubt, and very neatly and simply arranged; the only difficulty was, that her idea.', '2018-08-09 10:33:37', '2018-08-09 10:33:37'),
(177, 'Sit ratione assumenda quos similique non. Quia hic praesentium nulla corrupti iusto in est. Inventor', 1, 4, 'Hatter, \'you wouldn\'t talk about trouble!\' said the Mock Turtle; \'but it sounds uncommon nonsense.\' Alice said very politely, feeling quite pleased to find herself talking familiarly with them, as if he doesn\'t begin.\' But she went on: \'But why did they live at the frontispiece if you could only hear whispers now and then; such as, \'Sure, I don\'t want to get to,\' said the Rabbit noticed Alice, as she had not as yet had any sense, they\'d take the hint; but the Hatter said, turning to Alice, flinging the baby violently up and straightening itself out again, so that by the way, was the White Rabbit; \'in fact, there\'s nothing written on the bank, with her head struck against the door, she ran with all her wonderful Adventures, till she shook the house, quite forgetting her promise. \'Treacle,\' said the Gryphon, \'that they WOULD not remember the simple rules their friends had taught them: such as, \'Sure, I don\'t like them raw.\' \'Well, be off, then!\' said the Cat. \'I don\'t think--\' \'Then.', '2018-08-09 10:33:37', '2018-08-09 10:33:37'),
(178, 'Sapiente vero animi autem omnis. Voluptatem autem maxime qui minima odio.', 1, 3, 'And he got up this morning? I almost wish I hadn\'t to bring tears into her face. \'Wake up, Alice dear!\' said her sister; \'Why, what a long argument with the time,\' she said to the door, she found a little timidly: \'but it\'s no use in saying anything more till the eyes appeared, and then sat upon it.) \'I\'m glad I\'ve seen that done,\' thought Alice. The poor little juror (it was exactly one a-piece all round. (It was this last remark, \'it\'s a vegetable. It doesn\'t look like one, but it was too small, but at any rate, there\'s no use in talking to him,\' said Alice to herself. \'Of the mushroom,\' said the Lory. Alice replied eagerly, for she could not think of any that do,\' Alice hastily replied; \'only one doesn\'t like changing so often, you know.\' \'Not the same age as herself, to see some meaning in it,\' said the King and Queen of Hearts, carrying the King\'s crown on a little timidly, \'why you are very dull!\' \'You ought to go from here?\' \'That depends a good deal to ME,\' said the Hatter.', '2018-08-09 10:33:37', '2018-08-09 10:33:37'),
(179, 'Sed veniam voluptatem quis nemo est officiis. Nesciunt dolor libero ducimus aut id error ipsum. Minu', 1, 3, 'Alice said to Alice, and looking at it again: but he now hastily began again, using the ink, that was said, and went in. The door led right into it. \'That\'s very curious!\' she thought. \'But everything\'s curious today. I think you\'d better ask HER about it.\' \'She\'s in prison,\' the Queen said severely \'Who is it twelve? I--\' \'Oh, don\'t talk about wasting IT. It\'s HIM.\' \'I don\'t know one,\' said Alice. \'Why?\' \'IT DOES THE BOOTS AND SHOES.\' the Gryphon went on again:-- \'You may go,\' said the Caterpillar took the opportunity of saying to herself \'Now I can guess that,\' she added in a soothing tone: \'don\'t be angry about it. And yet I don\'t care which happens!\' She ate a little pattering of footsteps in the last few minutes to see if he would not open any of them. However, on the end of his shrill little voice, the name again!\' \'I won\'t have any pepper in my kitchen AT ALL. Soup does very well to say \'I once tasted--\' but checked herself hastily. \'I don\'t see any wine,\' she remarked. \'It.', '2018-08-09 10:33:37', '2018-08-09 10:33:37'),
(180, 'Et rerum quos provident. Possimus quasi molestiae et. Qui tempore officiis qui non amet autem ad dol', 1, 4, 'I had our Dinah here, I know who I WAS when I sleep" is the driest thing I know. Silence all round, if you don\'t know much,\' said the Mock Turtle recovered his voice, and, with tears running down his brush, and had to stoop to save her neck from being broken. She hastily put down yet, before the trial\'s over!\' thought Alice. One of the fact. \'I keep them to be seen--everything seemed to quiver all over their slates; \'but it doesn\'t matter a bit,\' she thought at first she thought there was nothing so VERY much out of the leaves: \'I should like it put the hookah out of the earth. At last the Mock Turtle, suddenly dropping his voice; and the others took the hookah out of breath, and said anxiously to herself, \'Which way? Which way?\', holding her hand on the whole place around her became alive with the Queen,\' and she trembled till she shook the house, and the Gryphon hastily. \'Go on with the Duchess, as she stood still where she was, and waited. When the pie was all ridges and furrows.', '2018-08-09 10:33:38', '2018-08-09 10:33:38'),
(181, 'Neque quos delectus ipsa quia rem corporis eligendi. Fugiat esse commodi consequatur sit inventore.', 1, 3, 'The further off from England the nearer is to find my way into a tidy little room with a deep voice, \'are done with a bound into the garden with one eye, How the Owl and the March Hare,) \'--it was at the moment, \'My dear! I wish I could show you our cat Dinah: I think I may as well as she was small enough to look through into the air, and came back again. \'Keep your temper,\' said the Mock Turtle. Alice was soon submitted to by the whole thing, and longed to change the subject. \'Go on with the day of the garden, where Alice could see it trying in a very humble tone, going down on the top of her favourite word \'moral,\' and the two sides of the day; and this Alice thought to herself. Imagine her surprise, when the White Rabbit, jumping up in her pocket, and was looking at it again: but he would deny it too: but the wise little Alice and all sorts of little animals and birds waiting outside. The poor little juror (it was Bill, I fancy--Who\'s to go down the bottle, saying to her that she.', '2018-08-09 10:33:38', '2018-08-09 10:33:38'),
(182, 'Quo et aliquid ratione itaque doloremque. Quibusdam harum libero eum quos et aspernatur. Dolores ita', 1, 4, 'Majesty,\' said the King, who had been for some time without interrupting it. \'They must go back and finish your story!\' Alice called out \'The Queen! The Queen!\' and the cool fountains. CHAPTER VIII. The Queen\'s Croquet-Ground A large rose-tree stood near the right way of expecting nothing but out-of-the-way things had happened lately, that Alice quite hungry to look for her, and the three gardeners at it, and burning with curiosity, she ran with all speed back to my boy, I beat him when he pleases!\' CHORUS. \'Wow! wow! wow!\' \'Here! you may stand down,\' continued the Gryphon. \'--you advance twice--\' \'Each with a round face, and was coming to, but it puzzled her a good deal on where you want to go after that savage Queen: so she went on saying to herself, (not in a long, low hall, which was sitting next to her. \'I wish I hadn\'t begun my tea--not above a week or so--and what with the other ladder?--Why, I hadn\'t cried so much!\' Alas! it was in livery: otherwise, judging by his face only.', '2018-08-09 10:33:38', '2018-08-09 10:33:38'),
(183, 'Animi quis dolorem ullam veniam. Sed reiciendis ut tenetur sit explicabo. Reiciendis neque ut sunt q', 1, 5, 'I shan\'t go, at any rate I\'ll never go THERE again!\' said Alice desperately: \'he\'s perfectly idiotic!\' And she began very cautiously: \'But I don\'t want YOU with us!"\' \'They were learning to draw,\' the Dormouse say?\' one of the shepherd boy--and the sneeze of the e--e--evening, Beautiful, beautiful Soup!\' CHAPTER XI. Who Stole the Tarts? The King laid his hand upon her face. \'Wake up, Alice dear!\' said her sister; \'Why, what a Gryphon is, look at it!\' This speech caused a remarkable sensation among the distant green leaves. As there seemed to be ashamed of yourself for asking such a capital one for catching mice you can\'t swim, can you?\' he added, turning to Alice, and she jumped up and down in a very pretty dance,\' said Alice indignantly, and she walked on in the prisoner\'s handwriting?\' asked another of the house, "Let us both go to law: I will tell you his history,\' As they walked off together. Alice laughed so much already, that it is!\' \'Why should it?\' muttered the Hatter. \'Nor.', '2018-08-09 10:33:38', '2018-08-09 10:33:38'),
(184, 'Minus labore aut aliquid et dolor at cum eaque. Et illum unde ipsum commodi non. Nam asperiores magn', 1, 5, 'March Hare. Visit either you like: they\'re both mad.\' \'But I don\'t believe you do lessons?\' said Alice, who always took a minute or two she walked down the bottle, saying to herself in a low voice, \'Why the fact is, you see, so many tea-things are put out here?\' she asked. \'Yes, that\'s it,\' said the King. On this the White Rabbit put on your shoes and stockings for you now, dears? I\'m sure I can\'t get out again. Suddenly she came upon a neat little house, on the Duchess\'s voice died away, even in the distance, screaming with passion. She had already heard her sentence three of her going, though she felt certain it must make me smaller, I can listen all day about it!\' Last came a little scream of laughter. \'Oh, hush!\' the Rabbit began. Alice gave a look askance-- Said he thanked the whiting kindly, but he could go. Alice took up the fan and the executioner myself,\' said the Mock Turtle, and said to Alice, she went on again:-- \'You may not have lived much under the sea--\' (\'I haven\'t,\'.', '2018-08-09 10:33:38', '2018-08-09 10:33:38'),
(185, 'Commodi quidem beatae a explicabo eos et provident. Est et quae harum earum. Sit voluptas dolor dist', 1, 6, 'And will talk in contemptuous tones of the ground--and I should think it was,\' said the Cat. \'I\'d nearly forgotten that I\'ve got to the Knave \'Turn them over!\' The Knave shook his grey locks, \'I kept all my limbs very supple By the use of a dance is it?\' \'Why,\' said the Pigeon; \'but I know is, something comes at me like that!\' said Alice sharply, for she felt that it was good manners for her to speak with. Alice waited till she had never been so much into the way wherever she wanted to send the hedgehog to, and, as she passed; it was too small, but at any rate I\'ll never go THERE again!\' said Alice to herself. Imagine her surprise, when the White Rabbit, \'and that\'s a fact.\' Alice did not look at the corners: next the ten courtiers; these were all ornamented with hearts. Next came the guests, mostly Kings and Queens, and among them Alice recognised the White Rabbit blew three blasts on the shingle--will you come to the beginning of the right-hand bit to try the experiment?\' \'HE might.', '2018-08-09 10:33:38', '2018-08-09 10:33:38'),
(186, 'Distinctio eligendi pariatur et aperiam quibusdam expedita sed. Aperiam nam nobis velit consequatur ', 1, 2, 'Alice said; but was dreadfully puzzled by the officers of the trees had a large crowd collected round it: there was mouth enough for it to half-past one as long as I do,\' said the March Hare and the others took the hookah out of the same thing, you know.\' It was, no doubt: only Alice did not much larger than a rat-hole: she knelt down and looked into its mouth and began staring at the end.\' \'If you knew Time as well as she spoke. (The unfortunate little Bill had left off staring at the bottom of a procession,\' thought she, \'what would become of me?\' Luckily for Alice, the little door into that lovely garden. I think I must be shutting up like telescopes: this time she had hurt the poor little feet, I wonder if I\'ve kept her eyes immediately met those of a book,\' thought Alice \'without pictures or conversations?\' So she was terribly frightened all the things get used up.\' \'But what did the archbishop find?\' The Mouse did not at all for any of them. \'I\'m sure those are not the smallest.', '2018-08-09 10:33:38', '2018-08-09 10:33:38'),
(187, 'Omnis laboriosam ut eaque repellendus. Autem quia a corrupti dolor alias quia. Quam itaque aut lauda', 1, 3, 'Rabbit asked. \'No, I didn\'t,\' said Alice: \'allow me to him: She gave me a pair of boots every Christmas.\' And she went on: \'But why did they live on?\' said the King, going up to her usual height. It was all ridges and furrows; the balls were live hedgehogs, the mallets live flamingoes, and the roof was thatched with fur. It was the White Rabbit cried out, \'Silence in the sea!\' cried the Gryphon, and the happy summer days. THE.', '2018-08-09 10:33:38', '2018-08-09 10:33:38'),
(188, 'Sit non ullam ducimus tenetur. Voluptatem omnis consequuntur nesciunt incidunt. Reiciendis consectet', 1, 2, 'Alice. \'Why?\' \'IT DOES THE BOOTS AND SHOES.\' the Gryphon hastily. \'Go on with the Queen, pointing to the Knave. The Knave shook his head off outside,\' the Queen till she shook the house, and the little door, had vanished completely. Very soon the Rabbit angrily. \'Here! Come and help me out of breath, and said \'No, never\') \'--so you can find them.\' As she said this last remark that had made her so savage when they liked, so that altogether, for the next witness.\' And he added in a moment. \'Let\'s go on with the bones and the Dormouse denied nothing, being fast asleep. \'After that,\' continued the Gryphon. \'I mean, what makes them sour--and camomile that makes people hot-tempered,\' she went on. Her listeners were perfectly quiet till she shook the house, and wondering whether she ought to be no doubt that it signifies much,\' she said to the door, staring stupidly up into hers--she could hear the rattle of the March Hare meekly replied. \'Yes, but some crumbs must have been ill.\' \'So they.', '2018-08-09 10:33:38', '2018-08-09 10:33:38'),
(189, 'Ex et et ut dolore fuga. Excepturi facilis quisquam eius. Est sunt exercitationem commodi dolor quo ', 1, 1, 'Alice, seriously, \'I\'ll have nothing more to be managed? I suppose it were nine o\'clock in the last word with such a subject! Our family always HATED cats: nasty, low, vulgar things! Don\'t let him know she liked them best, For this must ever be A secret, kept from all the same, the next witness.\' And he added in an undertone, \'important--unimportant--unimportant--important--\' as if it please your Majesty,\' said the Mock Turtle went on, without attending to her; \'but those serpents! There\'s no pleasing them!\' Alice was very like a sky-rocket!\' \'So you did, old fellow!\' said the March Hare and his buttons, and turns out his toes.\' [later editions continued as follows When the pie was all finished, the Owl, as a last resource, she put her hand on the hearth and grinning from ear to ear. \'Please would you like the Queen?\' said the Pigeon had finished. \'As if I was, I shouldn\'t want YOURS: I don\'t know,\' he went on muttering over the verses on his spectacles. \'Where shall I begin, please.', '2018-08-09 10:33:38', '2018-08-09 10:33:38'),
(190, 'Ea excepturi similique sunt. Est consectetur quia corporis ut quasi aut. Mollitia tenetur in est nih', 1, 3, 'And how odd the directions will look! ALICE\'S RIGHT FOOT, ESQ. HEARTHRUG, NEAR THE FENDER, (WITH ALICE\'S LOVE). Oh dear, what nonsense I\'m talking!\' Just then she heard it before,\' said the Cat, \'if you don\'t like them raw.\' \'Well, be off, then!\' said the Pigeon in a very hopeful tone though), \'I won\'t have any pepper in my own tears! That WILL be a queer thing, to be two people! Why, there\'s hardly enough of it now in sight, and no one to listen to her, still it had been, it suddenly appeared again. \'By-the-bye, what became of the ground--and I should think you\'ll feel it a minute or two sobs choked his voice. \'Same as if she was looking about for it, while the Mock Turtle. \'Hold your tongue!\' added the Dormouse. \'Don\'t talk nonsense,\' said Alice timidly. \'Would you tell me,\' said Alice, who felt very glad to find her in such a puzzled expression that she was saying, and the other side of WHAT? The other side of WHAT? The other side of the edge with each hand. \'And now which is.', '2018-08-09 10:33:38', '2018-08-09 10:33:38'),
(191, 'Modi qui accusantium architecto. Aut et quia quas delectus velit et deleniti. Sit earum labore et of', 1, 1, 'Lory, with a knife, it usually bleeds; and she was in the pool, \'and she sits purring so nicely by the officers of the officers of the what?\' said the King. Here one of these cakes,\' she thought, and looked anxiously round, to make it stop. \'Well, I\'d hardly finished the goose, with the end of the ground.\' So she set to work nibbling at the time he had taken his watch out of that is, but I think it was,\' said the Hatter, and, just as well say this), \'to go on till you come and join the dance. Would not, could not, would not open any of them. However, on the OUTSIDE.\' He unfolded the paper as he fumbled over the verses the White Rabbit as he said in a day did you begin?\' The Hatter shook his head contemptuously. \'I dare say you never had fits, my dear, I think?\' he said in a loud, indignant voice, but she could remember about ravens and writing-desks, which wasn\'t much. The Hatter opened his eyes very wide on hearing this; but all he SAID was, \'Why is a long sleep you\'ve had!\' \'Oh.', '2018-08-09 10:33:38', '2018-08-09 10:33:38'),
(192, 'Qui laborum in ea quo maiores ipsa ut. Aut sit temporibus qui omnis. Est ex illo beatae rerum.', 1, 3, 'Alice quietly said, just as she swam about, trying to explain the paper. \'If there\'s no meaning in it,\' but none of them at dinn--\' she checked herself hastily, and said \'What else have you executed on the song, perhaps?\' \'I\'ve heard something splashing about in all directions, \'just like a Jack-in-the-box, and up the conversation dropped, and the others took the watch and looked at it, busily painting them red. Alice thought over all she could do, lying down with one elbow against the ceiling, and had just begun to repeat it, but her voice close to her: its face in her lessons in the pool was getting quite crowded with the lobsters, out to the jury. They were indeed a queer-looking party that assembled on the floor, and a piece of evidence we\'ve heard yet,\' said the Hatter, \'when the Queen was close behind her, listening: so she went on at last, they must needs come wriggling down from the change: and Alice was thoroughly puzzled. \'Does the boots and shoes!\' she repeated in a day.', '2018-08-09 10:33:38', '2018-08-09 10:33:38'),
(193, 'Dicta rerum officiis similique qui sint. Minima alias doloremque veniam assumenda sit non. Eos dolor', 1, 1, 'But here, to Alice\'s side as she stood still where she was considering in her hand, watching the setting sun, and thinking of little Alice and all the creatures wouldn\'t be in a day is very confusing.\' \'It isn\'t,\' said the Caterpillar. Alice folded her hands, wondering if anything would EVER happen in a hot tureen! Who for such dainties would not allow without knowing how old it was, and, as there was nothing on it except a little bottle on it, (\'which certainly was not a moment like a snout than a rat-hole: she knelt down and looked anxiously round, to make the arches. The chief difficulty Alice found at first she would have appeared to them to be no use speaking to a mouse, That he met in the last concert!\' on which the words \'DRINK ME\' beautifully printed on it in time,\' said the King, \'that only makes the world go round!"\' \'Somebody said,\' Alice whispered, \'that it\'s done by everybody minding their own business,\' the Duchess was sitting on the ground as she could. \'The game\'s.', '2018-08-09 10:33:38', '2018-08-09 10:33:38'),
(194, 'Non porro non perferendis numquam. Exercitationem quia inventore est ipsum distinctio. Libero nisi v', 1, 4, 'Alice whispered, \'that it\'s done by everybody minding their own business!\' \'Ah, well! It means much the most curious thing I know. Silence all round, if you only walk long enough.\' Alice felt a little bottle on it, for she felt a little scream, half of fright and half of anger, and tried to beat time when she looked at Alice, and looking at it uneasily, shaking it every now and then another confusion of voices--\'Hold up his head--Brandy now--Don\'t choke him--How was it, old fellow? What happened to you? Tell us all about for it, while the Mouse was bristling all over, and both footmen, Alice noticed, had powdered hair that WOULD always get into her face, and was a long argument with the tea,\' the March Hare and his buttons, and turns out his toes.\' [later editions continued as follows When the Mouse in the kitchen that did not at all the time she had put the Lizard in head downwards, and the Hatter was out of the earth. At last the Mock Turtle. \'And how did you ever see such a thing.', '2018-08-09 10:33:38', '2018-08-09 10:33:38'),
(195, 'Aut ducimus et quo blanditiis quisquam impedit recusandae. Quisquam a accusamus sit animi placeat sa', 1, 6, 'Alice, and looking at Alice as he spoke, and the pattern on their backs was the White Rabbit returning, splendidly dressed, with a growl, And concluded the banquet--] \'What IS a long way back, and see that she remained the same year for such dainties would not allow without knowing how old it was, even before she got used to read fairy-tales, I fancied that kind of rule, \'and vinegar that makes you forget to talk. I can\'t quite follow it as she went to the Knave of Hearts, he stole those tarts, And took them quite away!\' \'Consider your verdict,\' he said in a thick wood. \'The first thing I\'ve got to do,\' said the Hatter: \'let\'s all move one place on.\' He moved on as he wore his crown over the wig, (look at the moment, \'My dear! I wish I could say if I like being that person, I\'ll come up: if not, I\'ll stay down here! It\'ll be no use in talking to him,\' said Alice thoughtfully: \'but then--I shouldn\'t be hungry for it, while the rest of my own. I\'m a deal faster than it does.\' \'Which.', '2018-08-09 10:33:38', '2018-08-09 10:33:38'),
(196, 'Magni animi quis aut inventore. Ipsa id repellendus ea perferendis labore ipsa magni. Blanditiis mag', 1, 5, '<p>Time as well say,&#39; ad<strong><em>ded the Gryphon; and then she walked up towards it rather timidly, as she spoke, but no result seemed to listen, the whole window!&#39; &#39;Sure, it does, yer honour: but it&#39;s an arm for all that.&#39; &#39;With extras?&#39; asked the Mock Turtle drew a long silence after this, and after a minute or two, looking for eggs, as it was the fan and gloves. &#39;How queer it seems,&#39; Alice </em></strong>said to Alice. &#39;Only a thimble,&#39; said Alice in a tone of great curiosity. &#39;It&#39;s a friend of mine--a Cheshire Cat,&#39; said Alice: &#39;three inches is such a noise inside, no one to listen to me! I&#39;LL soon make you a couple?&#39; &#39;You are old,&#39; said the King. &#39;Nothing whatever,&#39; said Alice. &#39;What sort of a tree. By the use of this elegant thimble&#39;; and, when it saw Alice. It looked good-natured, she thought: still it was the BEST butter, you know.&#39; &#39;Not the same words as before, &#39;and things are &quot;much of a treacle-well--eh, stupid?&#39; &#39;But they were gardeners, or soldiers, or courtiers, or three times over to herself.</p>', '2018-08-09 10:33:39', '2018-08-10 12:33:14'),
(197, 'Omnis ut est qui ut. Placeat consectetur non molestias inventore. Quas quas voluptas est sunt volupt', 1, 4, 'I\'ve got to the door, staring stupidly up into the sea, some children digging in the act of crawling away: besides all this, there was a bright brass plate with the bones and the Queen, but she ran across the field after it, \'Mouse dear! Do come back in a hurry: a large cauldron which seemed to be rude, so she set off at once, with a lobster as a last resource, she put it. She felt very lonely and low-spirited. In a little bit of stick, and made believe to worry it; then Alice put down her flamingo, and began whistling. \'Oh, there\'s no meaning in it,\' said Alice. \'Come, let\'s hear some of the fact. \'I keep them to sell,\' the Hatter was the Rabbit whispered in a very little use, as it settled down again, the cook had disappeared. \'Never mind!\' said the Duchess. \'I make you grow shorter.\' \'One side will make you grow taller, and the baby was howling so much contradicted in her head, and she went round the refreshments!\' But there seemed to be a Caucus-race.\' \'What IS the fun?\' said.', '2018-08-09 10:33:39', '2018-08-09 10:33:39'),
(198, 'Harum et iste et cumque neque et id. Quidem facere ipsa est minima voluptas sunt dolores iusto. Mole', 1, 2, 'Cheshire Cat sitting on the table. \'Have some wine,\' the March Hare. The Hatter looked at each other for some way, and the baby violently up and down in an impatient tone: \'explanations take such a thing before, but she had peeped into the Dormouse\'s place, and Alice heard it muttering to himself in an offended tone, \'so I can\'t take more.\' \'You mean you can\'t think! And oh, my poor little thing sobbed again (or grunted, it was not a regular rule: you invented it just at first, but, after watching it a minute or two, they began solemnly dancing round and round Alice, every now and then; such as, that a moment\'s pause. The only things in the sea, though you mayn\'t believe it--\' \'I never heard it say to itself \'The Duchess! The Duchess! Oh my fur and whiskers! She\'ll get me executed, as sure as ferrets are ferrets! Where CAN I have dropped them, I wonder?\' And here Alice began to cry again. \'You ought to be otherwise."\' \'I think I must sugar my hair." As a duck with its arms and legs.', '2018-08-09 10:33:39', '2018-08-09 10:33:39'),
(199, 'Eaque rem dolorum dicta dicta. Et explicabo totam molestiae est necessitatibus. Consequatur nostrum ', 1, 4, 'Alice quite hungry to look for her, and she had never had fits, my dear, I think?\' \'I had NOT!\' cried the Gryphon, and the little golden key, and when she looked down at them, and it\'ll sit up and went to school in the same thing as "I eat what I eat" is the same age as herself, to see if he wasn\'t going to leave it behind?\' She said the King. \'It began with the tea,\' the March Hare. \'Exactly so,\' said Alice. \'You did,\' said the Gryphon went on. \'We had the best plan.\' It sounded an excellent plan, no doubt, and very angrily. \'A knot!\' said Alice, \'it\'s very easy to take the roof off.\' After a while, finding that nothing more happened, she decided to remain where she was in March.\' As she said to herself; \'his eyes are so VERY wide, but she ran with all their simple sorrows, and find a number of executions the Queen shouted at the Hatter, \'or you\'ll be telling me next that you weren\'t to talk about wasting IT. It\'s HIM.\' \'I don\'t know of any use, now,\' thought Alice, \'as all the.', '2018-08-09 10:33:39', '2018-08-09 10:33:39'),
(200, 'Eum beatae inventore cupiditate dolorem est maiores. Deleniti possimus id dolorum similique reprehen', 1, 5, 'Duchess: \'and the moral of that dark hall, and wander about among those beds of bright flowers and those cool fountains, but she knew that it led into a pig,\' Alice quietly said, just as well she might, what a delightful thing a Lobster Quadrille The Mock Turtle interrupted, \'if you don\'t explain it is I hate cats and dogs.\' It was all dark overhead; before her was another long passage, and the baby was howling so much frightened that she wanted much to know, but the great puzzle!\' And she kept on good terms with him, he\'d do almost anything you liked with the game,\' the Queen never left off sneezing by this time?\' she said to the Classics master, though. He was an uncomfortably sharp chin. However, she soon made out the words: \'Where\'s the other paw, \'lives a Hatter: and in another moment, when she found her head down to her feet, for it flashed across her mind that she was ready to agree to everything that Alice could only see her. She is such a pleasant temper, and thought it must.', '2018-08-09 10:33:39', '2018-08-09 10:33:39');

-- --------------------------------------------------------

--
-- Структура таблиці `article_tag`
--

CREATE TABLE `article_tag` (
  `id` int(10) UNSIGNED NOT NULL,
  `article_id` int(11) NOT NULL,
  `tag_id` int(11) NOT NULL
) ENGINE=InnoDB DEFAULT CHARSET=utf8mb4 COLLATE=utf8mb4_unicode_ci;

--
-- Дамп даних таблиці `article_tag`
--

INSERT INTO `article_tag` (`id`, `article_id`, `tag_id`) VALUES
(1, 4, 158),
(2, 5, 37),
(3, 177, 55),
(4, 77, 194),
(5, 145, 42),
(6, 152, 64),
(7, 76, 81),
(8, 133, 88),
(9, 183, 124),
(10, 56, 179),
(11, 43, 197),
(12, 72, 101),
(13, 75, 114),
(14, 113, 164),
(15, 99, 9),
(16, 71, 102),
(17, 167, 76),
(18, 139, 143),
(19, 130, 16),
(20, 136, 75),
(21, 57, 88),
(22, 139, 133),
(23, 168, 72),
(24, 21, 151),
(25, 195, 77),
(26, 130, 37),
(27, 73, 1),
(28, 137, 148),
(29, 115, 50),
(30, 112, 14),
(31, 58, 182),
(32, 116, 24),
(33, 57, 54),
(34, 167, 186),
(35, 69, 102),
(36, 61, 126),
(37, 189, 199),
(38, 59, 157),
(39, 70, 80),
(40, 107, 64),
(41, 156, 36),
(42, 100, 29),
(43, 37, 37),
(44, 177, 151),
(45, 86, 88),
(46, 165, 144),
(47, 69, 80),
(48, 168, 125),
(49, 133, 134),
(50, 111, 2),
(51, 35, 171),
(52, 128, 24),
(53, 170, 187),
(54, 180, 40),
(55, 66, 87),
(56, 103, 22),
(57, 122, 3),
(58, 50, 159),
(59, 40, 26),
(60, 110, 125),
(61, 113, 74),
(62, 68, 182),
(63, 153, 35),
(64, 106, 86),
(65, 169, 17),
(66, 87, 4),
(67, 188, 15),
(68, 27, 157),
(69, 1, 7),
(70, 196, 67),
(71, 93, 99),
(72, 89, 15),
(73, 102, 138),
(74, 173, 141),
(75, 164, 82),
(76, 65, 77),
(77, 155, 133),
(78, 58, 107),
(79, 168, 164),
(80, 192, 137),
(81, 180, 79),
(82, 140, 167),
(83, 94, 166),
(84, 124, 95),
(85, 173, 120),
(86, 161, 65),
(87, 18, 50),
(88, 79, 120),
(89, 187, 51),
(90, 60, 151),
(91, 132, 125),
(92, 28, 87),
(93, 58, 86),
(94, 194, 26),
(95, 49, 185),
(96, 162, 29),
(97, 64, 101),
(98, 196, 157),
(99, 66, 119),
(100, 52, 38),
(101, 39, 13),
(102, 103, 57),
(103, 62, 181),
(104, 176, 49),
(105, 32, 35),
(106, 199, 164),
(107, 160, 27),
(108, 50, 17),
(109, 112, 44),
(110, 42, 161),
(111, 28, 3),
(112, 190, 92),
(113, 103, 185),
(114, 49, 169),
(115, 104, 100),
(116, 7, 142),
(117, 112, 110),
(118, 198, 173),
(119, 90, 174),
(120, 21, 122),
(121, 8, 20),
(122, 86, 168),
(123, 46, 135),
(124, 184, 158),
(125, 179, 26),
(126, 118, 6),
(127, 29, 107),
(128, 98, 131),
(129, 92, 147),
(130, 100, 195),
(131, 46, 107),
(132, 137, 158),
(133, 16, 135),
(134, 131, 106),
(135, 108, 152),
(136, 27, 116),
(137, 171, 112),
(138, 83, 17),
(139, 47, 67),
(140, 174, 25),
(141, 92, 92),
(142, 31, 120),
(143, 198, 129),
(144, 51, 89),
(145, 75, 151),
(146, 84, 121),
(147, 57, 21),
(148, 78, 72),
(149, 155, 8),
(150, 178, 62),
(151, 160, 5),
(152, 178, 131),
(153, 116, 60),
(154, 147, 163),
(155, 126, 121),
(156, 188, 18),
(157, 12, 19),
(158, 137, 10),
(159, 147, 188),
(160, 99, 22),
(161, 138, 183),
(162, 142, 194),
(163, 3, 19),
(164, 66, 157),
(165, 27, 43),
(166, 19, 186),
(167, 47, 196),
(168, 116, 163),
(169, 56, 63),
(170, 126, 181),
(171, 184, 114),
(172, 199, 196),
(173, 132, 136),
(174, 5, 79),
(175, 123, 104),
(176, 100, 60),
(177, 86, 41),
(178, 54, 89),
(179, 59, 120),
(180, 46, 86),
(181, 163, 65),
(182, 71, 10),
(183, 60, 187),
(184, 173, 116),
(185, 50, 98),
(186, 97, 33),
(187, 12, 95),
(188, 28, 143),
(189, 30, 33),
(190, 22, 152),
(191, 136, 121),
(192, 12, 22),
(193, 161, 66),
(194, 110, 20),
(195, 186, 156),
(196, 106, 148),
(197, 20, 177),
(198, 158, 79),
(199, 163, 130),
(200, 195, 13),
(201, 28, 91),
(202, 45, 39),
(203, 185, 73),
(204, 182, 14),
(205, 105, 3),
(206, 166, 41),
(207, 124, 178),
(208, 63, 85),
(209, 44, 173),
(210, 104, 29),
(211, 128, 9),
(212, 177, 147),
(213, 185, 134),
(214, 26, 148),
(215, 64, 20),
(216, 160, 92),
(217, 110, 5),
(218, 131, 94),
(219, 77, 112),
(220, 108, 182),
(221, 115, 74),
(222, 23, 38),
(223, 52, 85),
(224, 122, 95),
(225, 58, 26),
(226, 124, 185),
(227, 35, 101),
(228, 131, 20),
(229, 35, 157),
(230, 167, 99),
(231, 176, 127),
(232, 190, 86),
(233, 132, 120),
(234, 180, 9),
(235, 32, 88),
(236, 191, 146),
(237, 161, 13),
(238, 184, 13),
(239, 98, 105),
(240, 108, 155),
(241, 130, 32),
(242, 139, 165),
(243, 132, 70),
(244, 184, 167),
(245, 27, 151),
(246, 65, 2),
(247, 78, 54),
(248, 88, 9),
(249, 174, 67),
(250, 17, 5),
(251, 154, 7),
(252, 150, 115),
(253, 20, 133),
(254, 128, 117),
(255, 38, 35),
(256, 72, 168),
(257, 66, 10),
(258, 132, 197),
(259, 80, 115),
(260, 164, 106),
(261, 66, 28),
(262, 108, 143),
(263, 82, 195),
(264, 152, 56),
(265, 62, 168),
(266, 60, 16),
(267, 175, 10),
(268, 131, 195),
(269, 143, 58),
(270, 111, 181),
(271, 92, 182),
(272, 148, 158),
(273, 192, 80),
(274, 155, 72),
(275, 195, 118),
(276, 178, 60),
(277, 146, 85),
(278, 2, 27),
(279, 80, 153),
(280, 83, 142),
(281, 121, 142),
(282, 157, 96),
(283, 152, 88),
(284, 90, 95),
(285, 145, 1),
(286, 75, 37),
(287, 183, 23),
(288, 194, 175),
(289, 102, 148),
(290, 46, 96),
(291, 65, 24),
(292, 155, 11),
(293, 108, 157),
(294, 37, 188),
(295, 110, 120),
(296, 129, 31),
(297, 61, 86),
(298, 126, 13),
(299, 173, 16),
(300, 107, 118),
(301, 17, 182),
(302, 155, 199),
(303, 4, 148),
(304, 174, 105),
(305, 96, 20),
(306, 1, 161),
(307, 43, 156),
(308, 171, 151),
(309, 112, 8),
(310, 138, 22),
(311, 127, 67),
(312, 52, 188),
(313, 152, 178),
(314, 1, 125),
(315, 194, 107),
(316, 42, 10),
(317, 89, 197),
(318, 9, 92),
(319, 145, 183),
(320, 197, 40),
(321, 2, 197),
(322, 1, 45),
(323, 152, 171),
(324, 195, 64),
(325, 179, 133),
(326, 85, 106),
(327, 199, 137),
(328, 93, 150),
(329, 115, 94),
(330, 75, 109),
(331, 1, 117),
(332, 119, 89),
(333, 113, 127),
(334, 180, 57),
(335, 110, 176),
(336, 97, 112),
(337, 173, 97),
(338, 156, 124),
(339, 68, 151),
(340, 188, 46),
(341, 83, 73),
(342, 152, 81),
(343, 9, 45),
(344, 31, 124),
(345, 138, 106),
(346, 32, 138),
(347, 22, 150),
(348, 26, 134),
(349, 77, 6),
(350, 191, 187),
(351, 182, 87),
(352, 98, 154),
(353, 184, 54),
(354, 78, 51),
(355, 4, 65),
(356, 97, 86),
(357, 137, 48),
(358, 167, 146),
(359, 93, 198),
(360, 69, 30),
(361, 103, 101),
(362, 167, 125),
(363, 51, 193),
(364, 58, 128),
(365, 198, 49),
(366, 114, 179),
(367, 136, 12),
(368, 133, 119),
(369, 65, 10),
(370, 170, 68),
(371, 74, 66),
(372, 154, 11),
(373, 114, 121),
(374, 156, 6),
(375, 119, 25),
(376, 36, 21),
(377, 125, 3),
(378, 145, 176),
(379, 195, 3),
(380, 103, 193),
(381, 52, 17),
(382, 172, 187),
(383, 28, 104),
(384, 105, 92),
(385, 113, 74),
(386, 159, 187),
(387, 140, 113),
(388, 197, 53),
(389, 33, 153),
(390, 59, 151),
(391, 177, 95),
(392, 172, 102),
(393, 97, 117),
(394, 77, 92),
(395, 120, 180),
(396, 85, 171),
(397, 196, 56),
(398, 157, 23),
(399, 160, 62),
(400, 114, 73),
(401, 135, 73),
(402, 60, 75),
(403, 186, 56),
(404, 128, 18),
(405, 8, 187),
(406, 169, 185),
(407, 81, 141),
(408, 86, 178),
(409, 58, 162),
(410, 69, 177),
(411, 141, 154),
(412, 148, 137),
(413, 9, 105),
(414, 159, 169),
(415, 166, 73),
(416, 41, 101),
(417, 146, 100),
(418, 175, 131),
(419, 156, 102),
(420, 149, 164),
(421, 88, 117),
(422, 148, 168),
(423, 58, 33),
(424, 146, 115),
(425, 195, 14),
(426, 92, 135),
(427, 167, 39),
(428, 71, 176),
(429, 143, 30),
(430, 144, 109),
(431, 102, 185),
(432, 9, 47),
(433, 85, 183),
(434, 177, 40),
(435, 85, 125),
(436, 3, 172),
(437, 42, 151),
(438, 140, 100),
(439, 183, 85),
(440, 15, 177),
(441, 99, 106),
(442, 112, 66),
(443, 145, 183),
(444, 41, 87),
(445, 12, 185),
(446, 195, 114),
(447, 170, 4),
(448, 160, 54),
(449, 186, 137),
(450, 94, 71),
(451, 62, 97),
(452, 42, 104),
(453, 47, 182),
(454, 3, 29),
(455, 67, 17),
(456, 6, 166),
(457, 123, 117),
(458, 31, 67),
(459, 100, 72),
(460, 154, 111),
(461, 57, 149),
(462, 24, 26),
(463, 152, 184),
(464, 80, 138),
(465, 121, 173),
(466, 8, 183),
(467, 69, 50),
(468, 86, 115),
(469, 31, 89),
(470, 144, 98),
(471, 106, 149),
(472, 63, 28),
(473, 66, 94),
(474, 95, 165),
(475, 165, 48),
(476, 76, 21),
(477, 196, 99),
(478, 47, 148),
(479, 83, 126),
(480, 85, 4),
(481, 98, 92),
(482, 186, 166),
(483, 141, 71),
(484, 81, 172),
(485, 160, 24),
(486, 69, 65),
(487, 173, 132),
(488, 93, 38),
(489, 25, 187),
(490, 3, 189),
(491, 35, 78),
(492, 10, 31),
(493, 177, 56),
(494, 178, 59),
(495, 182, 62),
(496, 63, 80),
(497, 154, 48),
(498, 46, 94),
(499, 119, 126),
(500, 65, 78);

-- --------------------------------------------------------

--
-- Структура таблиці `category`
--

CREATE TABLE `category` (
  `id` int(10) UNSIGNED NOT NULL,
  `title` varchar(255) COLLATE utf8mb4_unicode_ci NOT NULL
) ENGINE=InnoDB DEFAULT CHARSET=utf8mb4 COLLATE=utf8mb4_unicode_ci;

--
-- Дамп даних таблиці `category`
--

INSERT INTO `category` (`id`, `title`) VALUES
(1, 'Category35'),
(2, 'Category28'),
(3, 'Category53'),
(4, 'Category128'),
(5, 'Category37'),
(6, 'Category198'),
(7, 'Category80');

-- --------------------------------------------------------

--
-- Структура таблиці `comment`
--

CREATE TABLE `comment` (
  `id` int(10) UNSIGNED NOT NULL,
  `user_id` int(11) NOT NULL,
  `article_id` int(11) NOT NULL,
  `created_at` timestamp NULL DEFAULT NULL,
  `updated_at` timestamp NULL DEFAULT NULL,
  `message` text COLLATE utf8mb4_unicode_ci NOT NULL
) ENGINE=InnoDB DEFAULT CHARSET=utf8mb4 COLLATE=utf8mb4_unicode_ci;

--
-- Дамп даних таблиці `comment`
--

INSERT INTO `comment` (`id`, `user_id`, `article_id`, `created_at`, `updated_at`, `message`) VALUES
(1, 59, 196, '2018-08-09 10:33:39', '2018-08-09 10:33:39', 'Voluptatem iure dolores nostrum amet eos corrupti dolores. In voluptatum nihil non consequatur place'),
(2, 5, 44, '2018-08-09 10:33:39', '2018-08-09 10:33:39', 'Quidem dolore quisquam distinctio dolorem laboriosam. Distinctio aliquam nam repellat. Omnis velit p'),
(3, 17, 94, '2018-08-09 10:33:39', '2018-08-09 10:33:39', 'Aperiam ut nostrum corrupti voluptas vero labore sunt. Iure assumenda accusamus optio quos reprehend'),
(4, 79, 147, '2018-08-09 10:33:39', '2018-08-09 10:33:39', 'Fugiat ut consequatur id qui eius quibusdam autem. Ipsa voluptatem velit ex quis vero. Nesciunt volu'),
(5, 78, 29, '2018-08-09 10:33:39', '2018-08-09 10:33:39', 'Mollitia voluptas ullam consequuntur non aut. Eaque quo praesentium laboriosam. Corporis odio volupt'),
(6, 24, 35, '2018-08-09 10:33:39', '2018-08-09 10:33:39', 'Debitis praesentium odio quasi distinctio est. Ut non commodi voluptas velit suscipit eaque dignissi'),
(7, 64, 164, '2018-08-09 10:33:39', '2018-08-09 10:33:39', 'Et rem sit ipsa repellendus. Qui iure provident voluptates porro perferendis illo atque temporibus. '),
(8, 78, 88, '2018-08-09 10:33:39', '2018-08-09 10:33:39', 'Dolorum eveniet et expedita. Dolores eum esse et cupiditate nulla. Quia provident quos aut est in et'),
(9, 99, 21, '2018-08-09 10:33:39', '2018-08-09 10:33:39', 'Et cum est voluptatem labore ipsum qui ut. Occaecati nobis quis quia alias ut. Est molestiae quibusd'),
(10, 65, 15, '2018-08-09 10:33:39', '2018-08-09 10:33:39', 'Modi consequuntur aspernatur illum porro rem impedit culpa. Praesentium aperiam ut iusto similique. '),
(11, 49, 145, '2018-08-09 10:33:40', '2018-08-09 10:33:40', 'Et esse incidunt et ut. Quo dolore velit asperiores velit. Dignissimos id eveniet aperiam voluptatem'),
(12, 48, 102, '2018-08-09 10:33:40', '2018-08-09 10:33:40', 'Similique laborum dicta laborum et commodi natus aspernatur. Debitis rerum sunt ex eos. A neque enim'),
(13, 26, 56, '2018-08-09 10:33:40', '2018-08-09 10:33:40', 'Deserunt qui fugit veritatis aut. Velit facilis provident molestiae nam modi. Saepe itaque soluta ad'),
(14, 14, 150, '2018-08-09 10:33:40', '2018-08-09 10:33:40', 'Id et dolor sint voluptates. Nemo debitis autem voluptatibus aut ducimus consequatur. Doloremque off'),
(15, 56, 121, '2018-08-09 10:33:40', '2018-08-09 10:33:40', 'Alias consequatur dolore molestiae animi aut. Eius numquam voluptate eius. Ipsa fuga commodi nihil q'),
(16, 40, 28, '2018-08-09 10:33:40', '2018-08-09 10:33:40', 'Et rerum aliquam neque molestiae. Velit laudantium quam quis ea itaque velit. Quae aut beatae provid'),
(17, 58, 88, '2018-08-09 10:33:40', '2018-08-09 10:33:40', 'Nam eos dignissimos magnam reiciendis sit iusto. Hic beatae cum velit veritatis adipisci quia repell'),
(18, 36, 149, '2018-08-09 10:33:40', '2018-08-09 10:33:40', 'Et vitae qui voluptatem. Blanditiis possimus consequatur ullam voluptatum deserunt corporis. Modi cu'),
(19, 91, 30, '2018-08-09 10:33:40', '2018-08-09 10:33:40', 'Nostrum sit et sed consequatur. Eveniet ut dolorum quia. Reprehenderit vitae et ipsam non iste.'),
(20, 48, 137, '2018-08-09 10:33:40', '2018-08-09 10:33:40', 'Illo consequatur error omnis ut facilis. Id ipsa magni aspernatur incidunt. Non ut natus doloribus.'),
(21, 29, 141, '2018-08-09 10:33:40', '2018-08-09 10:33:40', 'Aperiam vitae ex cupiditate non assumenda nisi sit. Blanditiis aperiam culpa impedit sed odit qui. N'),
(22, 86, 185, '2018-08-09 10:33:40', '2018-08-09 10:33:40', 'Illum perspiciatis ut dolor. Non deleniti non sed neque et soluta aut. Repellat nulla nemo et vero. '),
(23, 53, 127, '2018-08-09 10:33:40', '2018-08-09 10:33:40', 'Accusantium sint eligendi molestiae eos voluptatem. Cupiditate ullam neque exercitationem laudantium'),
(24, 37, 101, '2018-08-09 10:33:40', '2018-08-09 10:33:40', 'Eveniet iure voluptates unde eos autem maiores quis. Aspernatur velit non hic velit assumenda. Ut ve'),
(25, 74, 3, '2018-08-09 10:33:40', '2018-08-09 10:33:40', 'Consequatur quam magni autem earum rerum ea et. Ut facere doloribus quibusdam omnis. Velit rerum dol'),
(26, 58, 44, '2018-08-09 10:33:40', '2018-08-09 10:33:40', 'Recusandae rem eveniet eum non. Molestias architecto possimus aut iure. Adipisci fugit velit repella'),
(27, 74, 11, '2018-08-09 10:33:41', '2018-08-09 10:33:41', 'Voluptatem occaecati nobis consequatur earum dolorem delectus sit. Voluptatibus dolor aut dolorum fu'),
(28, 73, 198, '2018-08-09 10:33:41', '2018-08-09 10:33:41', 'Qui sint velit officiis quas esse quam ut. Nulla labore nihil illum accusantium omnis harum. Invento'),
(29, 34, 173, '2018-08-09 10:33:41', '2018-08-09 10:33:41', 'Eos unde voluptates dolores recusandae. Assumenda non repudiandae commodi voluptatum odio ratione co'),
(30, 74, 178, '2018-08-09 10:33:41', '2018-08-09 10:33:41', 'Dolorum blanditiis pariatur sed quis et nihil magni. Mollitia enim dignissimos dolore ex fugiat. Con'),
(31, 47, 26, '2018-08-09 10:33:41', '2018-08-09 10:33:41', 'Officia voluptatem aut vel sapiente ad laboriosam voluptate. Ut sunt quod modi. Quam rem tempora ius'),
(32, 3, 10, '2018-08-09 10:33:41', '2018-08-09 10:33:41', 'Ab quia reiciendis qui tempore reiciendis magni vitae. Facilis pariatur accusamus qui dolorem cupidi'),
(33, 57, 77, '2018-08-09 10:33:41', '2018-08-09 10:33:41', 'Dignissimos quam numquam id vel. Numquam sit mollitia animi quia aut iusto quia. Non deleniti labori'),
(34, 79, 95, '2018-08-09 10:33:41', '2018-08-09 10:33:41', 'Qui officiis ullam minus vel et et ut eius. Est qui ex et iure sequi. Dolorum quaerat quas earum nem'),
(35, 53, 53, '2018-08-09 10:33:41', '2018-08-09 10:33:41', 'Molestiae et sint libero. Voluptatibus quia omnis vel qui aliquid. Aliquam rerum aut eveniet et enim'),
(36, 16, 164, '2018-08-09 10:33:41', '2018-08-09 10:33:41', 'Iste qui cum autem quo corporis. Dolor sit nulla consequatur fugit amet laborum. Dolor odio suscipit'),
(37, 97, 3, '2018-08-09 10:33:41', '2018-08-09 10:33:41', 'Minus cupiditate omnis quos expedita. Ea fugit et magnam rem. Dolores sapiente esse beatae est.'),
(38, 75, 98, '2018-08-09 10:33:41', '2018-08-09 10:33:41', 'Excepturi deleniti omnis nemo optio nobis tempora qui. Consequatur tempore reiciendis fugiat repelle'),
(39, 65, 21, '2018-08-09 10:33:41', '2018-08-09 10:33:41', 'Dolorum velit eligendi ut suscipit sit est voluptatum. Ipsa commodi quasi ab ipsum repudiandae. Poss'),
(40, 99, 75, '2018-08-09 10:33:41', '2018-08-09 10:33:41', 'Omnis deserunt nihil suscipit nulla corporis eos dolores. Ut eos in sunt blanditiis labore voluptate'),
(41, 12, 113, '2018-08-09 10:33:41', '2018-08-09 10:33:41', 'Qui sint velit quis molestiae enim est. Et ducimus dolor sit voluptatem officiis consectetur. Et et '),
(42, 59, 170, '2018-08-09 10:33:41', '2018-08-09 10:33:41', 'Et aliquid soluta reprehenderit omnis. Aperiam reprehenderit alias placeat distinctio dolorem est es'),
(43, 62, 63, '2018-08-09 10:33:42', '2018-08-09 10:33:42', 'Omnis ab voluptas est molestiae laboriosam. Et aspernatur molestias sint minus optio. Suscipit eos m'),
(44, 84, 191, '2018-08-09 10:33:42', '2018-08-09 10:33:42', 'Impedit id et iusto quasi. Earum soluta sint aut voluptate consequatur necessitatibus. Temporibus pa'),
(45, 18, 114, '2018-08-09 10:33:42', '2018-08-09 10:33:42', 'A nisi minima perspiciatis et maiores aut at. Tempora quia voluptates quam consequatur non. Eos corr'),
(46, 84, 129, '2018-08-09 10:33:42', '2018-08-09 10:33:42', 'Facilis harum sequi temporibus modi eos nihil saepe veritatis. Quia et vitae doloremque eum dolor ex'),
(47, 70, 174, '2018-08-09 10:33:42', '2018-08-09 10:33:42', 'Illum sed officiis tenetur occaecati. Excepturi fuga omnis ut eligendi. Consectetur ut illum et labo'),
(48, 69, 53, '2018-08-09 10:33:42', '2018-08-09 10:33:42', 'Aliquid molestiae eaque ipsam quis itaque molestias provident. Esse dolor harum et iure ducimus. Num'),
(49, 26, 96, '2018-08-09 10:33:42', '2018-08-09 10:33:42', 'Ab impedit perferendis itaque nesciunt laborum laborum. Molestiae et odio consequatur veritatis. Con'),
(50, 74, 157, '2018-08-09 10:33:42', '2018-08-09 10:33:42', 'Rerum quia animi omnis. Tempora aut rerum tempore maiores quo. Vitae et nemo dolorem libero. Odit pr'),
(51, 74, 178, '2018-08-09 10:33:42', '2018-08-09 10:33:42', 'Beatae officia consequatur reiciendis dicta quia nam. Placeat aliquam quaerat nam pariatur deserunt '),
(52, 61, 141, '2018-08-09 10:33:42', '2018-08-09 10:33:42', 'Esse dolor quis sit magnam. Quibusdam modi labore quas modi ut sit.'),
(53, 90, 69, '2018-08-09 10:33:42', '2018-08-09 10:33:42', 'Sint labore natus dignissimos dolores vero maxime. Est ut omnis labore exercitationem vel non aut de'),
(54, 20, 108, '2018-08-09 10:33:42', '2018-08-09 10:33:42', 'Quae non odit amet ab vero quae deleniti. Nisi ratione eum placeat necessitatibus nemo. Quo nostrum '),
(55, 45, 36, '2018-08-09 10:33:42', '2018-08-09 10:33:42', 'Nulla totam molestias doloremque ea temporibus voluptatem. Excepturi ducimus enim culpa ratione offi'),
(56, 92, 113, '2018-08-09 10:33:42', '2018-08-09 10:33:42', 'Occaecati nisi rerum placeat quam veritatis. Quam vero est necessitatibus reiciendis similique. Corr'),
(57, 75, 101, '2018-08-09 10:33:42', '2018-08-09 10:33:42', 'Praesentium nihil reprehenderit veritatis nihil ad. Voluptatem deserunt vel vel. Ratione at aut enim'),
(58, 42, 73, '2018-08-09 10:33:42', '2018-08-09 10:33:42', 'Et harum qui nihil optio repellat facere et. Quibusdam numquam nisi deserunt voluptatem ut est praes'),
(59, 82, 49, '2018-08-09 10:33:43', '2018-08-09 10:33:43', 'Aliquid sed laborum iure autem qui. Ipsum maiores qui soluta. Quaerat id adipisci dolorem.'),
(60, 32, 198, '2018-08-09 10:33:43', '2018-08-09 10:33:43', 'Possimus expedita ea eaque magnam sequi. Cum eaque totam dolore architecto.'),
(61, 82, 31, '2018-08-09 10:33:43', '2018-08-09 10:33:43', 'Quibusdam aut consequatur dolor perspiciatis hic. Alias occaecati quia sed non a labore. Ipsam perfe'),
(62, 64, 101, '2018-08-09 10:33:43', '2018-08-09 10:33:43', 'Consequatur enim ut recusandae earum amet quas. Commodi omnis vel omnis corrupti quisquam nostrum. T'),
(63, 2, 65, '2018-08-09 10:33:43', '2018-08-09 10:33:43', 'Sunt sit et suscipit voluptas sint voluptatibus soluta assumenda. Sed temporibus ut non doloribus is'),
(64, 77, 55, '2018-08-09 10:33:43', '2018-08-09 10:33:43', 'Eius qui corporis nihil. Dolore quia quas quos explicabo. Impedit ea temporibus quo tenetur est aut '),
(65, 80, 100, '2018-08-09 10:33:43', '2018-08-09 10:33:43', 'Ea porro voluptatem non minima doloribus et. Corrupti laboriosam dolorem ut dicta laborum. Saepe ita'),
(66, 6, 108, '2018-08-09 10:33:43', '2018-08-09 10:33:43', 'Sed quo omnis ea. Omnis praesentium atque quia non perspiciatis. Ullam rerum aut magni occaecati mod'),
(67, 39, 131, '2018-08-09 10:33:43', '2018-08-09 10:33:43', 'Consequuntur in architecto eos dolores et recusandae sed. Aut unde et dolorem consequuntur possimus '),
(68, 25, 58, '2018-08-09 10:33:43', '2018-08-09 10:33:43', 'Et et nostrum rem et rerum reprehenderit. Nemo vero neque et nesciunt. Possimus adipisci dicta odio '),
(69, 100, 87, '2018-08-09 10:33:43', '2018-08-09 10:33:43', 'Odio molestiae dolorem sunt ad sunt modi aliquid officia. Voluptas in perspiciatis illum enim soluta'),
(70, 83, 89, '2018-08-09 10:33:43', '2018-08-09 10:33:43', 'Voluptate perspiciatis qui rerum vel adipisci. Quo soluta pariatur sit tempore. Sunt dolorem ducimus'),
(71, 62, 148, '2018-08-09 10:33:43', '2018-08-09 10:33:43', 'Dolor rerum autem et sit aliquid molestiae fugit. Reprehenderit temporibus et quos minima. Ipsa eum '),
(72, 1, 71, '2018-08-09 10:33:43', '2018-08-09 10:33:43', 'Sit blanditiis possimus doloribus error iste recusandae beatae. Magni cumque autem consequatur volup'),
(73, 24, 83, '2018-08-09 10:33:43', '2018-08-09 10:33:43', 'Assumenda voluptatem pariatur vel natus animi nobis aut. Aut error et commodi corrupti necessitatibu'),
(74, 72, 11, '2018-08-09 10:33:43', '2018-08-09 10:33:43', 'Voluptate omnis cupiditate nostrum. Ut quia ipsa ipsum ea nesciunt ipsum qui. Eos occaecati alias co'),
(75, 66, 6, '2018-08-09 10:33:43', '2018-08-09 10:33:43', 'Et ut facilis eaque sit. Excepturi quia incidunt et. Nihil enim quis accusamus ullam. Voluptas sed q'),
(76, 5, 94, '2018-08-09 10:33:44', '2018-08-09 10:33:44', 'Fugit qui ipsum harum autem maxime. Cupiditate quia quasi similique adipisci. Et voluptas amet corpo'),
(77, 19, 135, '2018-08-09 10:33:44', '2018-08-09 10:33:44', 'Sit quis consequuntur odio rerum quia consequatur sunt. Quis autem doloremque corporis. Tenetur a eu'),
(78, 98, 41, '2018-08-09 10:33:44', '2018-08-09 10:33:44', 'Non quos dignissimos delectus minus est itaque. Sunt quo cupiditate aliquid fuga aut nisi voluptas.'),
(79, 100, 148, '2018-08-09 10:33:44', '2018-08-09 10:33:44', 'Beatae sequi libero nihil esse et ex eos et. Pariatur debitis voluptatibus vel repellendus omnis id.'),
(80, 48, 159, '2018-08-09 10:33:44', '2018-08-09 10:33:44', 'Asperiores impedit cupiditate voluptatem nulla necessitatibus amet harum. Laboriosam ducimus volupta'),
(81, 24, 105, '2018-08-09 10:33:44', '2018-08-09 10:33:44', 'Accusamus praesentium neque ut maiores. Et velit dicta optio sunt illum ipsum optio. Quo velit iste '),
(82, 34, 126, '2018-08-09 10:33:44', '2018-08-09 10:33:44', 'Reprehenderit dolore libero magni vel eveniet voluptatem voluptatum. Aliquid dicta rerum unde volupt'),
(83, 18, 115, '2018-08-09 10:33:44', '2018-08-09 10:33:44', 'Adipisci vitae ut vel similique. Consectetur fugit sit alias ex. Corrupti sed mollitia dolorem qui q'),
(84, 92, 35, '2018-08-09 10:33:44', '2018-08-09 10:33:44', 'Expedita libero deleniti non unde omnis et. Earum vel dolor delectus quas minus laborum autem aut. I'),
(85, 1, 148, '2018-08-09 10:33:44', '2018-08-09 10:33:44', 'Voluptatibus consectetur ipsum eaque ad dolores. Dolores optio iste qui aut. Molestias itaque conseq'),
(86, 62, 124, '2018-08-09 10:33:44', '2018-08-09 10:33:44', 'Perspiciatis facere dolorem voluptatem autem vel. Modi et qui voluptas voluptas eius. Aut deleniti a'),
(87, 48, 124, '2018-08-09 10:33:44', '2018-08-09 10:33:44', 'Eos quidem occaecati consequatur rerum. Quisquam consequatur dolor nesciunt eos similique. Ab evenie'),
(88, 97, 143, '2018-08-09 10:33:44', '2018-08-09 10:33:44', 'Tenetur repellat occaecati a mollitia. Ut dolorem nihil sunt officia nihil. Rerum fugit nihil conseq'),
(89, 4, 137, '2018-08-09 10:33:44', '2018-08-09 10:33:44', 'Id ut vero et voluptate distinctio. Voluptatibus ut rem ab consequuntur totam. Eos harum necessitati'),
(90, 77, 139, '2018-08-09 10:33:44', '2018-08-09 10:33:44', 'Eos nisi sit sapiente quis deleniti voluptatibus molestias. Cupiditate occaecati nisi ullam est eum.'),
(91, 72, 161, '2018-08-09 10:33:44', '2018-08-09 10:33:44', 'Rerum ullam at sit distinctio aliquam. Alias aut mollitia accusantium libero. Laboriosam et est sed '),
(92, 17, 179, '2018-08-09 10:33:45', '2018-08-09 10:33:45', 'Voluptates aut non et sit. Labore ut inventore non est similique voluptate similique. Architecto ven'),
(93, 48, 27, '2018-08-09 10:33:45', '2018-08-09 10:33:45', 'Omnis repudiandae voluptate maiores reprehenderit sapiente. Sed quo eos natus veniam. Est perspiciat'),
(94, 10, 95, '2018-08-09 10:33:45', '2018-08-09 10:33:45', 'Quidem porro placeat ea voluptatem. Quaerat aut dolore quibusdam in accusantium debitis nemo. Sequi '),
(95, 88, 113, '2018-08-09 10:33:45', '2018-08-09 10:33:45', 'Quibusdam iste non voluptatibus aut accusantium ut. Voluptas sed ad enim quam et. Dolores modi adipi'),
(96, 27, 23, '2018-08-09 10:33:45', '2018-08-09 10:33:45', 'Est porro iste placeat quam amet. Rem nihil in optio voluptatibus in sint. Eveniet et quibusdam erro'),
(97, 9, 120, '2018-08-09 10:33:45', '2018-08-09 10:33:45', 'Dolores deleniti qui in praesentium ut nesciunt aut. Et suscipit voluptate suscipit. Ea eius veritat'),
(98, 74, 53, '2018-08-09 10:33:45', '2018-08-09 10:33:45', 'Veritatis ut placeat quasi est iusto reprehenderit. Quisquam nisi quo ad aspernatur vero earum. Sequ'),
(99, 18, 130, '2018-08-09 10:33:45', '2018-08-09 10:33:45', 'Quibusdam qui dolor provident itaque quibusdam ducimus est. Sed id accusamus dolores. Non voluptatem'),
(100, 44, 36, '2018-08-09 10:33:45', '2018-08-09 10:33:45', 'Velit consectetur provident itaque assumenda voluptatem. Iusto pariatur eos explicabo pariatur tempo'),
(101, 39, 11, '2018-08-09 10:33:45', '2018-08-09 10:33:45', 'Et rerum aut ut exercitationem ad corporis provident. Sed dolorem est aut qui quis ducimus magni.'),
(102, 80, 172, '2018-08-09 10:33:45', '2018-08-09 10:33:45', 'Et sit quae repellat consequatur incidunt sit. Dolor doloribus itaque occaecati perspiciatis atque c'),
(103, 67, 154, '2018-08-09 10:33:45', '2018-08-09 10:33:45', 'Sed sunt maxime doloribus ut nobis. Voluptatem inventore ut adipisci laboriosam sit est quis. Dolor '),
(104, 57, 141, '2018-08-09 10:33:45', '2018-08-09 10:33:45', 'Occaecati consequatur consequatur eum cumque. Eum dolor ut non dolorem pariatur praesentium non. Odi'),
(105, 46, 67, '2018-08-09 10:33:45', '2018-08-09 10:33:45', 'Sint vel quia incidunt. Libero atque suscipit debitis a sit. Similique aspernatur nemo vel aut aut.'),
(106, 40, 33, '2018-08-09 10:33:45', '2018-08-09 10:33:45', 'Qui ut veritatis in repudiandae quia possimus. Cumque animi quia sequi totam. Occaecati quia eligend'),
(107, 14, 111, '2018-08-09 10:33:46', '2018-08-09 10:33:46', 'Laudantium occaecati ratione officia assumenda. Ut ea laborum voluptatem eos voluptas adipisci illo '),
(108, 6, 123, '2018-08-09 10:33:46', '2018-08-09 10:33:46', 'Et fugiat temporibus repellendus. Optio quaerat molestiae non consequatur architecto. Velit sunt mod'),
(109, 69, 30, '2018-08-09 10:33:46', '2018-08-09 10:33:46', 'Et iusto culpa qui. Sapiente consequatur expedita nisi perspiciatis necessitatibus enim porro.'),
(110, 9, 112, '2018-08-09 10:33:46', '2018-08-09 10:33:46', 'Porro porro eum aliquid suscipit iusto. Suscipit laborum deleniti aut blanditiis tempore. Vel reicie'),
(111, 71, 71, '2018-08-09 10:33:46', '2018-08-09 10:33:46', 'Nostrum fugit explicabo rerum ut dolor dolorem voluptate aspernatur. Delectus natus sequi iure totam'),
(112, 68, 160, '2018-08-09 10:33:46', '2018-08-09 10:33:46', 'Nemo earum ut est nisi culpa inventore iure. Perspiciatis et a ab unde quibusdam expedita. Fugit qui'),
(113, 96, 82, '2018-08-09 10:33:46', '2018-08-09 10:33:46', 'Tempora sit ipsum animi doloribus hic debitis et. Numquam omnis corporis rem nobis incidunt ut. Aut '),
(114, 7, 25, '2018-08-09 10:33:46', '2018-08-09 10:33:46', 'Et aut qui unde neque expedita ullam dolor. Dolores dolore quia quia et iure. Modi autem illum harum'),
(115, 6, 100, '2018-08-09 10:33:46', '2018-08-09 10:33:46', 'Quia saepe blanditiis qui aliquam ipsam illum nostrum. Sit iusto molestiae illo quis. Repudiandae ut'),
(116, 31, 88, '2018-08-09 10:33:46', '2018-08-09 10:33:46', 'Est optio totam voluptates veritatis aut. Debitis facilis vel et laborum perspiciatis. Ducimus et no'),
(117, 55, 20, '2018-08-09 10:33:46', '2018-08-09 10:33:46', 'Dolore vero sapiente quidem vitae dolor rerum omnis. Quidem et quis qui deleniti consectetur. Id dol'),
(118, 30, 43, '2018-08-09 10:33:46', '2018-08-09 10:33:46', 'Omnis dolor facilis placeat mollitia eaque est. Nihil minima commodi culpa veritatis doloribus unde.'),
(119, 87, 174, '2018-08-09 10:33:46', '2018-08-09 10:33:46', 'Accusantium reprehenderit quo sit optio est. Dolor saepe in ut illum officiis accusantium ducimus. E'),
(120, 92, 64, '2018-08-09 10:33:46', '2018-08-09 10:33:46', 'Atque sed et voluptatum voluptas aspernatur. Dolor odio assumenda tenetur accusamus fuga possimus qu'),
(121, 20, 62, '2018-08-09 10:33:46', '2018-08-09 10:33:46', 'Deserunt nemo quas repellendus facilis aspernatur culpa iure. Est ut voluptas alias sunt accusamus v'),
(122, 48, 68, '2018-08-09 10:33:47', '2018-08-09 10:33:47', 'Consequatur dolore aut quis sunt similique quisquam. Sequi quis rerum necessitatibus temporibus cum '),
(123, 87, 107, '2018-08-09 10:33:47', '2018-08-09 10:33:47', 'Asperiores aut voluptatibus tenetur quod aut ut. Ullam consectetur sapiente aut deleniti non. Laudan'),
(124, 96, 110, '2018-08-09 10:33:47', '2018-08-09 10:33:47', 'Repellat aperiam sit ex ut. Doloremque eum debitis dolores eos quis ut dolor. Ut qui dicta et deseru'),
(125, 68, 8, '2018-08-09 10:33:47', '2018-08-09 10:33:47', 'Pariatur aut est voluptas quis autem sunt. Quibusdam voluptates nemo nihil fugiat quod. Voluptate vo'),
(126, 11, 78, '2018-08-09 10:33:47', '2018-08-09 10:33:47', 'Distinctio est corrupti ab asperiores temporibus et. Sit recusandae molestias non voluptatem. Et rep'),
(127, 40, 157, '2018-08-09 10:33:47', '2018-08-09 10:33:47', 'Doloribus laboriosam hic voluptates cum mollitia illum omnis. Hic doloremque exercitationem molestia'),
(128, 19, 69, '2018-08-09 10:33:47', '2018-08-09 10:33:47', 'Qui tempora vitae est consectetur corporis soluta. Voluptatem iste sunt ullam ut nobis ducimus labor'),
(129, 19, 49, '2018-08-09 10:33:47', '2018-08-09 10:33:47', 'Quibusdam dolorem est molestiae et. Ea voluptas ut distinctio odio. Dolore nemo hic id qui quaerat d'),
(130, 47, 49, '2018-08-09 10:33:47', '2018-08-09 10:33:47', 'Quod nostrum commodi debitis nam. Dolorum quia amet distinctio ea est. Reprehenderit dolores assumen'),
(131, 74, 155, '2018-08-09 10:33:47', '2018-08-09 10:33:47', 'Ullam fugiat esse omnis dicta et dolorem. Error dolorem blanditiis dolores enim. Inventore repellat '),
(132, 69, 58, '2018-08-09 10:33:47', '2018-08-09 10:33:47', 'Vero aut quo officia ratione quis omnis. Aliquam tempore quia qui hic sint commodi eum. Fugiat aut n'),
(133, 87, 196, '2018-08-09 10:33:47', '2018-08-09 10:33:47', 'Laborum vel unde incidunt vel error ad pariatur rem. Et repellat eos minima et ut repellendus qui. D'),
(134, 51, 148, '2018-08-09 10:33:47', '2018-08-09 10:33:47', 'Aut corrupti perferendis quibusdam omnis et deserunt est consequatur. Eum aut tenetur debitis dolore'),
(135, 85, 84, '2018-08-09 10:33:47', '2018-08-09 10:33:47', 'Et fuga voluptatem incidunt ab tempora nihil commodi. Laborum enim ut eveniet dolores itaque quos. P'),
(136, 6, 9, '2018-08-09 10:33:47', '2018-08-09 10:33:47', 'Debitis id quaerat dolorum commodi voluptatem eos dolorem. Eum enim consequuntur molestiae dolor con'),
(137, 73, 106, '2018-08-09 10:33:47', '2018-08-09 10:33:47', 'Omnis rerum odio necessitatibus cum fuga quia. Autem ea ex neque quos incidunt consequatur quis odio'),
(138, 39, 118, '2018-08-09 10:33:47', '2018-08-09 10:33:47', 'Illum rerum et excepturi veniam rem porro ut. Praesentium tempora nam quasi atque fugiat. Commodi co'),
(139, 7, 67, '2018-08-09 10:33:48', '2018-08-09 10:33:48', 'Tempora quisquam perferendis sit repudiandae nesciunt et blanditiis doloremque. Nesciunt consequatur'),
(140, 14, 148, '2018-08-09 10:33:48', '2018-08-09 10:33:48', 'Consequatur enim ut ut et iusto necessitatibus molestiae. Perspiciatis sed perspiciatis dolorem id v'),
(141, 37, 50, '2018-08-09 10:33:48', '2018-08-09 10:33:48', 'Maiores veritatis et iure vitae. Dicta non qui qui in vero omnis. Pariatur omnis consequuntur explic'),
(142, 13, 152, '2018-08-09 10:33:48', '2018-08-09 10:33:48', 'Saepe autem porro velit commodi ut. Est voluptatem iusto aperiam commodi perferendis amet amet ex. E'),
(143, 3, 62, '2018-08-09 10:33:48', '2018-08-09 10:33:48', 'Eligendi odit eos ea impedit dolor hic qui error. Sed reiciendis maiores et omnis. Eligendi optio ex'),
(144, 11, 44, '2018-08-09 10:33:48', '2018-08-09 10:33:48', 'Quas fugit quis laudantium qui harum. Debitis mollitia voluptatem quo ut itaque nobis. Quia illo vol'),
(145, 56, 114, '2018-08-09 10:33:48', '2018-08-09 10:33:48', 'Et quia perspiciatis quis incidunt eveniet ut et. Unde suscipit doloribus incidunt dolorem perspicia'),
(146, 46, 59, '2018-08-09 10:33:48', '2018-08-09 10:33:48', 'Dolorem rerum et rerum tempora officia explicabo occaecati ab. Ut rerum ut et voluptatem sunt. Quaer'),
(147, 34, 28, '2018-08-09 10:33:48', '2018-08-09 10:33:48', 'Voluptas qui iste qui non quis. Repellendus pariatur et sed officia.'),
(148, 58, 42, '2018-08-09 10:33:48', '2018-08-09 10:33:48', 'Soluta eos rerum labore necessitatibus. Voluptas consequuntur est eveniet qui tempore. A et quia sed'),
(149, 12, 16, '2018-08-09 10:33:48', '2018-08-09 10:33:48', 'Ipsa enim et voluptatem et fuga dolore fuga vero. Non est officia et odio excepturi repudiandae. A a'),
(150, 95, 193, '2018-08-09 10:33:48', '2018-08-09 10:33:48', 'Ea similique molestiae inventore distinctio est tempore iste. Quae qui laudantium aut ipsam molestia'),
(151, 50, 199, '2018-08-09 10:33:48', '2018-08-09 10:33:48', 'Ab fugit facere reprehenderit. Saepe laborum hic nemo est. Est laboriosam omnis suscipit dolore solu'),
(152, 1, 44, '2018-08-09 10:33:48', '2018-08-09 10:33:48', 'Minus facilis sit rem sed. Cumque minus qui ab explicabo ut rerum quis. Quia voluptas sint doloribus'),
(153, 53, 77, '2018-08-09 10:33:48', '2018-08-09 10:33:48', 'Repudiandae illum impedit quis sint tenetur laborum sint. Velit alias enim est similique. Consequunt'),
(154, 81, 117, '2018-08-09 10:33:48', '2018-08-09 10:33:48', 'Aliquid cumque quaerat natus laboriosam. Ea ipsum eum magnam reprehenderit voluptas. Rerum similique'),
(155, 72, 189, '2018-08-09 10:33:49', '2018-08-09 10:33:49', 'Voluptatem tempore animi fuga. Alias exercitationem dolor harum praesentium repellendus. Et qui ut s'),
(156, 33, 17, '2018-08-09 10:33:49', '2018-08-09 10:33:49', 'Vero voluptas in repellendus aut odit beatae minus. Illum molestiae repellat unde quia natus volupta'),
(157, 20, 90, '2018-08-09 10:33:49', '2018-08-09 10:33:49', 'Quo consectetur rem repudiandae quia necessitatibus ducimus odio sequi. Sapiente non corporis volupt'),
(158, 85, 44, '2018-08-09 10:33:49', '2018-08-09 10:33:49', 'Eaque culpa recusandae hic autem. Possimus architecto esse voluptatibus vel saepe omnis. Et dolorem '),
(159, 76, 189, '2018-08-09 10:33:49', '2018-08-09 10:33:49', 'Nulla dolorem consequuntur sed architecto. Ut ea eos ducimus omnis aut. Rerum sit et cum ea. In simi'),
(160, 44, 61, '2018-08-09 10:33:49', '2018-08-09 10:33:49', 'Modi ab dolores laboriosam expedita et qui tempora dolor. Aut iusto ea sit voluptatum distinctio ven'),
(161, 51, 179, '2018-08-09 10:33:49', '2018-08-09 10:33:49', 'Et veniam sint et quam. Rerum sed et temporibus facilis. Vero eligendi veniam rerum quis animi sequi'),
(162, 60, 170, '2018-08-09 10:33:49', '2018-08-09 10:33:49', 'Inventore autem ut soluta magni eum enim. Consequatur praesentium ex blanditiis rerum. Illo sed volu'),
(163, 4, 35, '2018-08-09 10:33:49', '2018-08-09 10:33:49', 'Ullam aut eaque dolorem vero. Excepturi et qui veniam quisquam in fuga sit. Unde laudantium veniam e'),
(164, 6, 30, '2018-08-09 10:33:49', '2018-08-09 10:33:49', 'Voluptates natus laborum sit natus. Suscipit quos totam atque. Optio assumenda vel sit fugiat. Tempo'),
(165, 25, 200, '2018-08-09 10:33:49', '2018-08-09 10:33:49', 'Dignissimos non quidem velit voluptatem. Modi nesciunt eaque neque quam sint. Voluptatem voluptatem '),
(166, 11, 149, '2018-08-09 10:33:49', '2018-08-09 10:33:49', 'Alias qui qui molestiae non voluptatem. Dolores quia reprehenderit rerum. Minima quidem et ut tempor'),
(167, 99, 23, '2018-08-09 10:33:50', '2018-08-09 10:33:50', 'Unde et aliquid aliquam ea. Temporibus et et et voluptatibus ab sed. Ducimus itaque laudantium susci'),
(168, 96, 103, '2018-08-09 10:33:50', '2018-08-09 10:33:50', 'Nostrum facilis totam beatae exercitationem eaque. Et asperiores est rerum nihil rerum nostrum. Qui '),
(169, 50, 153, '2018-08-09 10:33:50', '2018-08-09 10:33:50', 'Sapiente excepturi aperiam assumenda culpa. Quam vel occaecati veniam amet. Debitis neque harum porr'),
(170, 10, 43, '2018-08-09 10:33:50', '2018-08-09 10:33:50', 'Id illo praesentium omnis. Consequatur sed animi corporis nihil quia id. Quam saepe numquam rerum et'),
(171, 71, 84, '2018-08-09 10:33:50', '2018-08-09 10:33:50', 'Omnis quo dolorum cum dolor est aut. Voluptas fugiat nam voluptatem veniam. Eius cumque quisquam aut'),
(172, 30, 180, '2018-08-09 10:33:50', '2018-08-09 10:33:50', 'Laudantium hic earum odit blanditiis. Quia ea at adipisci est adipisci nobis natus ut. Aut debitis f'),
(173, 87, 28, '2018-08-09 10:33:50', '2018-08-09 10:33:50', 'Non sint perspiciatis eligendi amet. Molestias consectetur a voluptas placeat voluptatem pariatur do'),
(174, 12, 123, '2018-08-09 10:33:50', '2018-08-09 10:33:50', 'Dolor id aliquam est. Quia perferendis qui officiis eveniet in suscipit omnis. Rem sed ipsa voluptas'),
(175, 8, 110, '2018-08-09 10:33:50', '2018-08-09 10:33:50', 'Soluta fuga omnis quam expedita quibusdam placeat. Aspernatur deleniti aut sunt ducimus. Rerum earum'),
(176, 92, 118, '2018-08-09 10:33:50', '2018-08-09 10:33:50', 'Vel at qui quia laudantium repudiandae molestias. Iusto similique sed non aspernatur. Amet consequat'),
(177, 45, 103, '2018-08-09 10:33:50', '2018-08-09 10:33:50', 'Nemo ut harum velit sint aut necessitatibus maiores. Quae vero iste impedit in enim sapiente. Ipsam '),
(178, 44, 95, '2018-08-09 10:33:50', '2018-08-09 10:33:50', 'Numquam voluptatem doloribus quo dolores. Consequatur vel ut quo enim quas fuga repudiandae.'),
(179, 69, 98, '2018-08-09 10:33:50', '2018-08-09 10:33:50', 'Qui reiciendis provident beatae. Doloremque voluptatem eos dolorem aut et quia sapiente. Voluptatem '),
(180, 62, 187, '2018-08-09 10:33:51', '2018-08-09 10:33:51', 'Et dolor quis non mollitia non. Rerum animi quod eum incidunt. Autem fugiat veniam debitis ut adipis'),
(181, 49, 145, '2018-08-09 10:33:51', '2018-08-09 10:33:51', 'Perspiciatis id dignissimos et qui. Inventore sit et ad qui sunt minima. Cumque quis placeat vitae p'),
(182, 68, 94, '2018-08-09 10:33:51', '2018-08-09 10:33:51', 'Quo autem pariatur porro et reprehenderit. Numquam dolores porro ad neque vitae illo voluptatem quia'),
(183, 84, 126, '2018-08-09 10:33:51', '2018-08-09 10:33:51', 'Dolore pariatur eius et quo similique cupiditate pariatur. Doloribus eos illum voluptatem quo. Minus'),
(184, 99, 67, '2018-08-09 10:33:51', '2018-08-09 10:33:51', 'Et perspiciatis quia repellendus dignissimos. Facilis tenetur maiores non eligendi neque tenetur. Ut'),
(185, 40, 16, '2018-08-09 10:33:51', '2018-08-09 10:33:51', 'Nihil corrupti magni voluptatem delectus corrupti ducimus. Ad est labore et est. Est dolore velit et'),
(186, 55, 20, '2018-08-09 10:33:51', '2018-08-09 10:33:51', 'Aut ea omnis dicta et. Saepe excepturi est sed perspiciatis repellat numquam eum. Illum incidunt ips'),
(187, 50, 168, '2018-08-09 10:33:51', '2018-08-09 10:33:51', 'Ut repellendus velit molestias consectetur. Vitae eos est explicabo illum. Modi ratione tempore anim'),
(188, 100, 72, '2018-08-09 10:33:51', '2018-08-09 10:33:51', 'Aut a et debitis sed voluptatum iusto iste. Ea tenetur iure alias aut aperiam. Fuga voluptas vitae c'),
(189, 98, 23, '2018-08-09 10:33:51', '2018-08-09 10:33:51', 'Ipsa qui rerum temporibus culpa ut a. Ab velit doloremque ipsam fugit. Odit maxime incidunt sequi er'),
(190, 97, 11, '2018-08-09 10:33:51', '2018-08-09 10:33:51', 'Et doloribus perspiciatis explicabo qui ipsum aliquam modi quos. Distinctio ipsum dolores sed vel qu'),
(191, 67, 178, '2018-08-09 10:33:51', '2018-08-09 10:33:51', 'A non ullam neque quia fuga quae. Animi sit rerum laudantium consequuntur magnam molestiae. Dignissi'),
(192, 64, 21, '2018-08-09 10:33:51', '2018-08-09 10:33:51', 'Minima ipsum deleniti mollitia sit asperiores velit architecto. Nemo laborum est culpa aut culpa del'),
(193, 41, 15, '2018-08-09 10:33:51', '2018-08-09 10:33:51', 'Eius voluptatum velit deserunt consequatur placeat repellat. Temporibus similique omnis quo nam maxi'),
(194, 58, 17, '2018-08-09 10:33:51', '2018-08-09 10:33:51', 'Est id eos expedita exercitationem perferendis animi sint sint. Doloribus est at nihil atque. Facili'),
(195, 56, 39, '2018-08-09 10:33:52', '2018-08-09 10:33:52', 'Odit voluptatem autem quo voluptatem sed pariatur. Aut et id animi error dolores aut. Laudantium nih'),
(196, 2, 8, '2018-08-09 10:33:52', '2018-08-09 10:33:52', 'Hic temporibus aut rerum enim iure et. Voluptatibus omnis rerum libero perspiciatis. Qui animi eum r'),
(197, 92, 138, '2018-08-09 10:33:52', '2018-08-09 10:33:52', 'Sed tenetur nam nam saepe iste. Est quo quaerat labore consequatur deleniti et reprehenderit enim. S'),
(198, 51, 151, '2018-08-09 10:33:52', '2018-08-09 10:33:52', 'Veniam eligendi sapiente quis et. Eius et veritatis nostrum animi. Veritatis qui et aut id.'),
(199, 32, 98, '2018-08-09 10:33:52', '2018-08-09 10:33:52', 'Exercitationem esse voluptate commodi consequatur sit ipsa suscipit. Omnis ab in consequatur aut quo'),
(200, 9, 142, '2018-08-09 10:33:52', '2018-08-09 10:33:52', 'Commodi voluptatem quo aliquam dolorem nostrum. Magni ut quas dolore quod quo maxime. Nesciunt est s'),
(201, 57, 126, '2018-08-09 10:33:52', '2018-08-09 10:33:52', 'Doloremque cumque pariatur atque ut quia ex. Enim ut sapiente dolor id aut dolor veritatis. Accusamu'),
(202, 81, 13, '2018-08-09 10:33:52', '2018-08-09 10:33:52', 'Provident totam architecto est et. Qui ut impedit voluptatibus quia iure. Possimus dolores id labori'),
(203, 47, 162, '2018-08-09 10:33:52', '2018-08-09 10:33:52', 'Aut ipsa officiis quas exercitationem atque distinctio. Sequi quia ex molestiae culpa distinctio omn'),
(204, 42, 88, '2018-08-09 10:33:52', '2018-08-09 10:33:52', 'Asperiores et vitae ut omnis. Suscipit itaque est consequatur labore aliquid rerum. Laborum et neque'),
(205, 92, 78, '2018-08-09 10:33:52', '2018-08-09 10:33:52', 'Reiciendis tempora ut qui eum qui doloremque. Et vero quisquam perspiciatis eaque.'),
(206, 49, 117, '2018-08-09 10:33:52', '2018-08-09 10:33:52', 'Explicabo sit qui laudantium et esse nemo dolor cumque. Et autem reprehenderit voluptatem nisi labor'),
(207, 28, 26, '2018-08-09 10:33:52', '2018-08-09 10:33:52', 'Quidem laudantium qui aut nisi cupiditate necessitatibus. Aperiam quaerat nulla odit qui ipsum ut au'),
(208, 69, 135, '2018-08-09 10:33:52', '2018-08-09 10:33:52', 'Voluptas impedit et laudantium quia eum. Reiciendis ullam eum quidem at ut.'),
(209, 20, 52, '2018-08-09 10:33:52', '2018-08-09 10:33:52', 'Error veritatis molestiae repudiandae praesentium modi et. Consequatur ut et et natus. Quasi molesti'),
(210, 76, 152, '2018-08-09 10:33:52', '2018-08-09 10:33:52', 'Deserunt minus qui dolores numquam. Sint maxime qui non maiores sunt et. Pariatur ut voluptatum enim'),
(211, 46, 155, '2018-08-09 10:33:53', '2018-08-09 10:33:53', 'Autem a iure nesciunt eos. Deleniti aut quis eligendi quis et provident ut. Omnis at possimus totam '),
(212, 80, 75, '2018-08-09 10:33:53', '2018-08-09 10:33:53', 'A molestiae repellendus nobis unde cupiditate tempore. Sit aperiam itaque eveniet nostrum possimus. '),
(213, 47, 61, '2018-08-09 10:33:53', '2018-08-09 10:33:53', 'Deserunt quo beatae modi repudiandae cupiditate qui dignissimos tenetur. Voluptates in ut omnis volu'),
(214, 13, 156, '2018-08-09 10:33:53', '2018-08-09 10:33:53', 'Nulla veritatis omnis id quo minima fugiat optio porro. Suscipit minus quod aut dicta. Recusandae ab'),
(215, 80, 42, '2018-08-09 10:33:53', '2018-08-09 10:33:53', 'Deserunt provident consequatur et praesentium assumenda aspernatur reprehenderit eum. Ut est digniss'),
(216, 49, 72, '2018-08-09 10:33:53', '2018-08-09 10:33:53', 'Aut ea quaerat harum excepturi aut praesentium aut. Ea voluptatum nisi amet impedit. Totam sint ipsa'),
(217, 84, 59, '2018-08-09 10:33:53', '2018-08-09 10:33:53', 'Qui iure mollitia blanditiis sit est nesciunt. Dolor voluptas exercitationem sed repudiandae dicta. '),
(218, 43, 60, '2018-08-09 10:33:53', '2018-08-09 10:33:53', 'Aperiam ut voluptas illum ut ipsum alias. Velit sed maiores amet eum laborum id. Ullam delectus illo'),
(219, 11, 168, '2018-08-09 10:33:53', '2018-08-09 10:33:53', 'Omnis hic est et numquam possimus aut vero. Repellendus fuga corporis beatae. Atque doloremque est a'),
(220, 74, 4, '2018-08-09 10:33:53', '2018-08-09 10:33:53', 'Non esse ea numquam corporis. Sed voluptas eveniet deserunt aut dolorem. Voluptatem dolor eveniet qu'),
(221, 23, 45, '2018-08-09 10:33:53', '2018-08-09 10:33:53', 'Autem quasi tenetur et fugiat aut pariatur. Reiciendis ex qui excepturi voluptatem quo velit. Volupt'),
(222, 60, 100, '2018-08-09 10:33:53', '2018-08-09 10:33:53', 'Aut architecto itaque voluptatem architecto nemo hic modi. Ut et tenetur dolorem quo. Nihil architec'),
(223, 36, 57, '2018-08-09 10:33:53', '2018-08-09 10:33:53', 'Aliquam nostrum ut qui qui eos aliquid. Eaque voluptas aut odio asperiores nesciunt ab error. Quia d'),
(224, 18, 110, '2018-08-09 10:33:53', '2018-08-09 10:33:53', 'Ratione quia corporis voluptates aperiam possimus fuga esse consectetur. Est commodi aut tempora ear'),
(225, 55, 186, '2018-08-09 10:33:53', '2018-08-09 10:33:53', 'Dolores voluptatem enim sit dolore est occaecati. Quidem quis occaecati qui repellat. Provident simi'),
(226, 31, 200, '2018-08-09 10:33:54', '2018-08-09 10:33:54', 'Iste laboriosam ab debitis. Aut ut possimus vel reiciendis dicta. Adipisci vero tenetur nesciunt id '),
(227, 71, 20, '2018-08-09 10:33:54', '2018-08-09 10:33:54', 'Nihil officia molestias corporis eius quia. Atque eos natus quasi nemo voluptatum voluptas. Aliquid '),
(228, 37, 33, '2018-08-09 10:33:54', '2018-08-09 10:33:54', 'Exercitationem iure inventore sit consequatur. Vel natus dignissimos quia sunt beatae quia reprehend'),
(229, 40, 99, '2018-08-09 10:33:54', '2018-08-09 10:33:54', 'Aut non unde autem facilis asperiores. Veritatis id vero similique unde voluptates quia. Et veniam s'),
(230, 95, 39, '2018-08-09 10:33:54', '2018-08-09 10:33:54', 'Consequatur nobis maxime asperiores deserunt molestiae quas ea quidem. Ad deserunt aperiam totam qui'),
(231, 70, 86, '2018-08-09 10:33:54', '2018-08-09 10:33:54', 'Asperiores laboriosam quo nam omnis. Iure et harum sint ab vero. A unde ea eos dolore ut. Deserunt r'),
(232, 55, 107, '2018-08-09 10:33:54', '2018-08-09 10:33:54', 'Id voluptas vel dolores at cum odit minus. Et quidem excepturi qui iste id. At nesciunt quibusdam mi'),
(233, 73, 194, '2018-08-09 10:33:54', '2018-08-09 10:33:54', 'Fuga vel harum in aut quia. Hic nobis aut modi voluptas. Aliquam eaque illum facilis qui.'),
(234, 83, 165, '2018-08-09 10:33:54', '2018-08-09 10:33:54', 'Dolorem corporis ad molestias nisi voluptatum enim soluta. Quo vel et placeat nisi. Similique vitae '),
(235, 81, 113, '2018-08-09 10:33:54', '2018-08-09 10:33:54', 'Optio ut explicabo tempore facilis aut error ipsum assumenda. At consequatur dolor ipsam totam facil'),
(236, 85, 6, '2018-08-09 10:33:54', '2018-08-09 10:33:54', 'Rerum assumenda et corporis iste. Ut velit fuga eos rem ipsum. Quod consectetur corrupti eligendi qu'),
(237, 79, 89, '2018-08-09 10:33:54', '2018-08-09 10:33:54', 'Et delectus perspiciatis amet mollitia. Non eius et reiciendis. Repudiandae praesentium ipsam distin'),
(238, 53, 28, '2018-08-09 10:33:54', '2018-08-09 10:33:54', 'Ad autem neque corrupti enim magni molestias. Occaecati ipsam dolorem aut aut quisquam consequatur a'),
(239, 73, 140, '2018-08-09 10:33:55', '2018-08-09 10:33:55', 'Quos sint aut quae voluptate rerum autem qui est. Labore vel in maxime quidem et explicabo ex. Alias'),
(240, 69, 55, '2018-08-09 10:33:55', '2018-08-09 10:33:55', 'Dolor earum ratione id praesentium provident odit. Debitis eius eum dignissimos rerum. Quia voluptat'),
(241, 63, 199, '2018-08-09 10:33:55', '2018-08-09 10:33:55', 'Reprehenderit sequi qui facilis minima voluptatem. Et aut architecto illum sit quos eaque aut sit. E'),
(242, 27, 67, '2018-08-09 10:33:55', '2018-08-09 10:33:55', 'Maxime velit molestias perspiciatis dignissimos ex consequatur illum. Beatae et pariatur culpa volup'),
(243, 10, 128, '2018-08-09 10:33:55', '2018-08-09 10:33:55', 'Officia ullam harum explicabo quam labore architecto. Voluptatem et ut velit omnis impedit inventore'),
(244, 50, 98, '2018-08-09 10:33:55', '2018-08-09 10:33:55', 'Quo omnis rerum tempore sint. Illo aut veritatis sint. Dolorem facere officiis magnam dolor est ex e'),
(245, 13, 88, '2018-08-09 10:33:55', '2018-08-09 10:33:55', 'Illum doloremque officia repellat non deleniti itaque. Minima quidem sint vitae est saepe sunt non. '),
(246, 69, 165, '2018-08-09 10:33:55', '2018-08-09 10:33:55', 'Repellendus ducimus at distinctio sunt. Possimus autem quae odio ratione amet saepe quam. Illum maio'),
(247, 87, 46, '2018-08-09 10:33:55', '2018-08-09 10:33:55', 'Velit quo similique pariatur at nihil et sit. Eos eaque veniam et aperiam sit dolore. Reiciendis nis'),
(248, 36, 118, '2018-08-09 10:33:55', '2018-08-09 10:33:55', 'Ipsa aspernatur consequatur architecto aut tenetur. Accusantium ea magnam exercitationem aperiam ius'),
(249, 20, 37, '2018-08-09 10:33:55', '2018-08-09 10:33:55', 'Ut ut iure quasi sapiente et optio. At qui deserunt accusantium omnis omnis. Qui nobis voluptas reru'),
(250, 42, 1, '2018-08-09 10:33:55', '2018-08-09 10:33:55', 'Voluptatem ullam alias consequatur magnam dolores doloribus aut. Quas velit quam assumenda voluptate'),
(251, 75, 51, '2018-08-09 10:33:55', '2018-08-09 10:33:55', 'Quae dolores saepe a earum ducimus atque. Possimus numquam et adipisci debitis enim velit alias. Per'),
(252, 4, 108, '2018-08-09 10:33:55', '2018-08-09 10:33:55', 'Occaecati esse distinctio recusandae repudiandae accusantium sit fugiat. Incidunt aperiam mollitia f'),
(253, 70, 112, '2018-08-09 10:33:55', '2018-08-09 10:33:55', 'Quos distinctio commodi aut non neque quia asperiores. Vel odit quasi doloremque. Vero atque sapient'),
(254, 68, 85, '2018-08-09 10:33:55', '2018-08-09 10:33:55', 'Corporis et qui laborum omnis. Optio recusandae officia explicabo provident placeat fuga. Ratione an'),
(255, 26, 73, '2018-08-09 10:33:55', '2018-08-09 10:33:55', 'Quibusdam ratione nam quia cupiditate rem molestiae. Optio necessitatibus quia voluptates et maiores'),
(256, 70, 177, '2018-08-09 10:33:55', '2018-08-09 10:33:55', 'Reiciendis veniam et veritatis. Non voluptates est et eaque aut nemo quisquam nihil. Atque libero hi'),
(257, 36, 192, '2018-08-09 10:33:56', '2018-08-09 10:33:56', 'Cumque et sunt harum consequatur omnis quam. Cupiditate tempore aut repudiandae vel.'),
(258, 22, 90, '2018-08-09 10:33:56', '2018-08-09 10:33:56', 'Sit ea suscipit aut quae numquam quo molestiae. Et doloribus quaerat et voluptates. Odit ut impedit '),
(259, 60, 143, '2018-08-09 10:33:56', '2018-08-09 10:33:56', 'Quia voluptatibus id doloremque nihil nihil dolorem voluptas. Neque sed magni assumenda sit minus ra'),
(260, 94, 144, '2018-08-09 10:33:56', '2018-08-09 10:33:56', 'Est sint iure eius. Ipsa modi aperiam quae aut laborum similique. At explicabo aut illo et corrupti '),
(261, 15, 124, '2018-08-09 10:33:56', '2018-08-09 10:33:56', 'Aspernatur possimus voluptatibus sunt doloribus facere voluptatem soluta quod. Cum alias laborum ea '),
(262, 55, 3, '2018-08-09 10:33:56', '2018-08-09 10:33:56', 'Non et earum aut pariatur atque sint et et. Minima natus quia consequuntur magnam maxime expedita. O'),
(263, 85, 180, '2018-08-09 10:33:56', '2018-08-09 10:33:56', 'Velit similique sit quam error velit necessitatibus voluptatibus. Sapiente veniam repellendus explic'),
(264, 61, 9, '2018-08-09 10:33:56', '2018-08-09 10:33:56', 'Vel eius quam ut rem et et molestiae. Velit et est debitis. Maxime omnis eos quisquam.'),
(265, 8, 3, '2018-08-09 10:33:56', '2018-08-09 10:33:56', 'Reprehenderit quis id nemo mollitia iure ea debitis. Accusantium dolorum possimus similique earum ni'),
(266, 5, 166, '2018-08-09 10:33:56', '2018-08-09 10:33:56', 'Illum ut adipisci vero non non aut aut. Quia blanditiis consequuntur fugit consequatur magnam aut. R'),
(267, 27, 17, '2018-08-09 10:33:56', '2018-08-09 10:33:56', 'Dicta aspernatur aut tenetur aspernatur fuga eos sunt. Et delectus ex illum sit. Enim cumque repudia'),
(268, 37, 193, '2018-08-09 10:33:56', '2018-08-09 10:33:56', 'Aut sunt nihil vitae eveniet omnis et. Corporis quam voluptatem ea. Laborum eum aut est iusto quo al'),
(269, 64, 8, '2018-08-09 10:33:56', '2018-08-09 10:33:56', 'Accusantium odit laborum voluptates delectus deserunt modi accusantium ut. Aut molestias nisi aut qu'),
(270, 39, 180, '2018-08-09 10:33:56', '2018-08-09 10:33:56', 'Occaecati est non voluptatum non. Enim ducimus non nostrum ut. Dignissimos quis nobis deleniti digni'),
(271, 41, 15, '2018-08-09 10:33:56', '2018-08-09 10:33:56', 'Voluptas et a occaecati. Omnis ea aliquid culpa dolor.'),
(272, 79, 152, '2018-08-09 10:33:56', '2018-08-09 10:33:56', 'Eum et ullam unde veritatis possimus. Voluptatibus fuga reprehenderit inventore nihil dolores eum. E'),
(273, 4, 200, '2018-08-09 10:33:57', '2018-08-09 10:33:57', 'Sint ab necessitatibus sit est. Non eos nam et enim. Culpa adipisci enim rerum et labore vitae. Vita'),
(274, 21, 126, '2018-08-09 10:33:57', '2018-08-09 10:33:57', 'Aliquam in reiciendis exercitationem illo iure quidem. Illo dolores labore temporibus unde deleniti '),
(275, 71, 28, '2018-08-09 10:33:57', '2018-08-09 10:33:57', 'Quia velit reiciendis ut voluptatum aut. Libero nam ducimus molestias aliquid nulla. Sit itaque eos '),
(276, 35, 171, '2018-08-09 10:33:57', '2018-08-09 10:33:57', 'Quis deserunt neque ab est quo vel. Facere dolore et totam eaque. Autem aperiam occaecati qui nulla.'),
(277, 76, 178, '2018-08-09 10:33:57', '2018-08-09 10:33:57', 'Quod ipsum cumque ut magnam debitis ut. Cum officia quia ut impedit possimus dolores doloribus. Sit '),
(278, 87, 121, '2018-08-09 10:33:57', '2018-08-09 10:33:57', 'Officiis reiciendis sint illum iste assumenda quo qui officia. Culpa pariatur adipisci ad veniam seq'),
(279, 79, 94, '2018-08-09 10:33:57', '2018-08-09 10:33:57', 'Rerum incidunt rem suscipit dolor iusto qui. Et quasi earum laboriosam veniam atque quia aut. Neque '),
(280, 65, 173, '2018-08-09 10:33:57', '2018-08-09 10:33:57', 'Aut officiis nulla sit dignissimos earum earum. Est iste eum nemo quidem. Aut veritatis qui quo quae'),
(281, 49, 139, '2018-08-09 10:33:57', '2018-08-09 10:33:57', 'Ullam ut magnam non possimus temporibus necessitatibus. Non perspiciatis earum non et velit. Consequ'),
(282, 69, 150, '2018-08-09 10:33:57', '2018-08-09 10:33:57', 'Omnis omnis temporibus dignissimos sint tempora. Qui exercitationem reiciendis qui asperiores. Aut a'),
(283, 78, 11, '2018-08-09 10:33:57', '2018-08-09 10:33:57', 'Voluptas et sit voluptatem deleniti quisquam alias reprehenderit. Ut velit ea itaque inventore saepe'),
(284, 72, 83, '2018-08-09 10:33:57', '2018-08-09 10:33:57', 'Voluptas qui est ea reprehenderit. Illo quas modi nisi sit. Veritatis eaque quae ex ratione eaque om'),
(285, 9, 19, '2018-08-09 10:33:57', '2018-08-09 10:33:57', 'Ullam et animi odio adipisci ut. Eum quos et veniam et cupiditate sunt fuga. Libero autem laborum vo'),
(286, 32, 99, '2018-08-09 10:33:57', '2018-08-09 10:33:57', 'Qui quia aut aliquam. Et quis in architecto voluptatem earum eos officia. Quasi repudiandae nulla la'),
(287, 17, 19, '2018-08-09 10:33:58', '2018-08-09 10:33:58', 'Voluptatem earum nam necessitatibus suscipit omnis voluptatem temporibus. Ut itaque enim dolore offi'),
(288, 25, 40, '2018-08-09 10:33:58', '2018-08-09 10:33:58', 'Commodi ad nostrum beatae aut impedit. Ut eum quas et odit voluptas qui. Est eius voluptas sint a au'),
(289, 9, 91, '2018-08-09 10:33:58', '2018-08-09 10:33:58', 'Repudiandae ut voluptas distinctio. Et porro placeat tempore debitis animi corrupti. Nisi in magnam '),
(290, 83, 159, '2018-08-09 10:33:58', '2018-08-09 10:33:58', 'Repellendus voluptate ut quis explicabo rem voluptas. Et officia ipsam nam facilis qui soluta. Qui e'),
(291, 60, 35, '2018-08-09 10:33:58', '2018-08-09 10:33:58', 'Enim adipisci sit cupiditate doloribus consectetur. Velit corrupti veritatis voluptatem neque fuga. '),
(292, 65, 70, '2018-08-09 10:33:58', '2018-08-09 10:33:58', 'Omnis nulla voluptatibus praesentium tempora dolorum. Perferendis quaerat quia ut autem necessitatib'),
(293, 6, 103, '2018-08-09 10:33:58', '2018-08-09 10:33:58', 'Officiis quos molestiae voluptatem ab eligendi assumenda et. Et dolorem aperiam assumenda beatae. Si'),
(294, 96, 169, '2018-08-09 10:33:58', '2018-08-09 10:33:58', 'Earum dignissimos nisi quod sint dolore. Voluptatem quis illo qui iure maiores aut. Praesentium dese'),
(295, 99, 120, '2018-08-09 10:33:58', '2018-08-09 10:33:58', 'Accusamus consequatur quae in quam vel hic error. Laudantium ipsum ratione molestiae quibusdam moles'),
(296, 71, 93, '2018-08-09 10:33:58', '2018-08-09 10:33:58', 'Et incidunt rerum maxime reprehenderit. Quaerat et eligendi consectetur expedita. Amet impedit sint '),
(297, 29, 79, '2018-08-09 10:33:58', '2018-08-09 10:33:58', 'Officiis non qui ut voluptatum rem omnis. Ducimus atque fugiat et sed. Odio totam ullam ad tenetur.'),
(298, 22, 13, '2018-08-09 10:33:58', '2018-08-09 10:33:58', 'Ipsa consectetur libero qui itaque. Optio velit sit ab voluptatem ea molestiae. Ut consequatur sed u'),
(299, 45, 185, '2018-08-09 10:33:58', '2018-08-09 10:33:58', 'Sunt veritatis quia ut nostrum dolores at ipsa. Tenetur voluptatem illo eligendi saepe tempore. Id a'),
(300, 48, 107, '2018-08-09 10:33:58', '2018-08-09 10:33:58', 'Maiores officia consequatur odio deleniti. Labore et necessitatibus ut dolores enim cupiditate sed. '),
(301, 1, 166, '2018-08-09 17:14:10', '2018-08-09 17:14:10', 'Hello World'),
(302, 1, 166, '2018-08-09 17:15:03', '2018-08-09 17:15:03', 'hi'),
(303, 1, 166, '2018-08-09 17:15:17', '2018-08-09 17:15:17', 'yo');

-- --------------------------------------------------------

--
-- Структура таблиці `migrations`
--

CREATE TABLE `migrations` (
  `id` int(10) UNSIGNED NOT NULL,
  `migration` varchar(255) COLLATE utf8mb4_unicode_ci NOT NULL,
  `batch` int(11) NOT NULL
) ENGINE=InnoDB DEFAULT CHARSET=utf8mb4 COLLATE=utf8mb4_unicode_ci;

--
-- Дамп даних таблиці `migrations`
--

INSERT INTO `migrations` (`id`, `migration`, `batch`) VALUES
(46, '2014_10_12_000000_create_users_table', 1),
(47, '2014_10_12_100000_create_password_resets_table', 1),
(48, '2018_08_08_152208_create_article_table', 1),
(49, '2018_08_08_152224_create_article_tag_table', 1),
(50, '2018_08_08_152242_create_category_table', 1),
(51, '2018_08_08_152302_create_comment_table', 1),
(52, '2018_08_08_152314_create_tag_table', 1),
(53, '2018_08_08_192148_add_column_message_to_comment_table', 1),
(54, '2018_08_09_105032_add_field_category_id_to_article_table', 1);

-- --------------------------------------------------------

--
-- Структура таблиці `password_resets`
--

CREATE TABLE `password_resets` (
  `email` varchar(255) COLLATE utf8mb4_unicode_ci NOT NULL,
  `token` varchar(255) COLLATE utf8mb4_unicode_ci NOT NULL,
  `created_at` timestamp NULL DEFAULT NULL
) ENGINE=InnoDB DEFAULT CHARSET=utf8mb4 COLLATE=utf8mb4_unicode_ci;

-- --------------------------------------------------------

--
-- Структура таблиці `tag`
--

CREATE TABLE `tag` (
  `id` int(10) UNSIGNED NOT NULL,
  `title` varchar(255) COLLATE utf8mb4_unicode_ci NOT NULL
) ENGINE=InnoDB DEFAULT CHARSET=utf8mb4 COLLATE=utf8mb4_unicode_ci;

--
-- Дамп даних таблиці `tag`
--

INSERT INTO `tag` (`id`, `title`) VALUES
(1, 'Sales and Related Workers'),
(2, 'Manager'),
(3, 'Sculptor'),
(4, 'Radio Operator'),
(5, 'Audio and Video Equipment Technician'),
(6, 'Creative Writer'),
(7, 'Armored Assault Vehicle Officer'),
(8, 'Food Batchmaker'),
(9, 'Motion Picture Projectionist'),
(10, 'Social Work Teacher'),
(11, 'Recordkeeping Clerk'),
(12, 'Protective Service Worker'),
(13, 'Network Admin OR Computer Systems Administrator'),
(14, 'Sound Engineering Technician'),
(15, 'Appliance Repairer'),
(16, 'City Planning Aide'),
(17, 'Healthcare Practitioner'),
(18, 'Marketing VP'),
(19, 'Food Preparation and Serving Worker'),
(20, 'Biologist'),
(21, 'State'),
(22, 'Pipefitter'),
(23, 'Public Relations Specialist'),
(24, 'Agricultural Equipment Operator'),
(25, 'Designer'),
(26, 'Pesticide Sprayer'),
(27, 'Movers'),
(28, 'Structural Metal Fabricator'),
(29, 'System Administrator'),
(30, 'Drycleaning Machine Operator'),
(31, 'Food Preparation Worker'),
(32, 'Real Estate Association Manager'),
(33, 'Precision Printing Worker'),
(34, 'Fence Erector'),
(35, 'Precision Dyer'),
(36, 'Usher'),
(37, 'Maintenance Supervisor'),
(38, 'Exhibit Designer'),
(39, 'Job Printer'),
(40, 'Model Maker'),
(41, 'Nutritionist'),
(42, 'Stevedore'),
(43, 'Product Promoter'),
(44, 'Geological Sample Test Technician'),
(45, 'Audio-Visual Collections Specialist'),
(46, 'Ship Mates'),
(47, 'Transportation Attendant'),
(48, 'Door To Door Sales'),
(49, 'Agricultural Engineer'),
(50, 'Pharmacist'),
(51, 'Geoscientists'),
(52, 'Surveying Technician'),
(53, 'Pastry Chef'),
(54, 'Carpenter Assembler and Repairer'),
(55, 'Camera Operator'),
(56, 'Social Worker'),
(57, 'Sewing Machine Operator'),
(58, 'Chiropractor'),
(59, 'Industrial Machinery Mechanic'),
(60, 'Biochemist or Biophysicist'),
(61, 'Special Forces Officer'),
(62, 'Amusement Attendant'),
(63, 'Fishery Worker'),
(64, 'Gas Pumping Station Operator'),
(65, 'Video Editor'),
(66, 'Power Distributors OR Dispatcher'),
(67, 'Marine Oiler'),
(68, 'Petroleum Pump System Operator'),
(69, 'Sewing Machine Operator'),
(70, 'Lathe Operator'),
(71, 'Screen Printing Machine Operator'),
(72, 'Mechanical Drafter'),
(73, 'Medical Sales Representative'),
(74, 'Printing Machine Operator'),
(75, 'Registered Nurse'),
(76, 'Fast Food Cook'),
(77, 'Mechanical Engineering Technician'),
(78, 'Computer Scientist'),
(79, 'Short Order Cook'),
(80, 'Heat Treating Equipment Operator'),
(81, 'Internist'),
(82, 'Judge'),
(83, 'Order Filler'),
(84, 'Heavy Equipment Mechanic'),
(85, 'Jewelry Model OR Mold Makers'),
(86, 'Engine Assembler'),
(87, 'Bailiff'),
(88, 'Management Analyst'),
(89, 'Avionics Technician'),
(90, 'Entertainer and Performer'),
(91, 'Hairdresser OR Cosmetologist'),
(92, 'Shipping and Receiving Clerk'),
(93, 'Grinding Machine Operator'),
(94, 'User Experience Researcher'),
(95, 'Loading Machine Operator'),
(96, 'Library Technician'),
(97, 'Tour Guide'),
(98, 'Recreation and Fitness Studies Teacher'),
(99, 'Choreographer'),
(100, 'Food Tobacco Roasting'),
(101, 'Stationary Engineer OR Boiler Operator'),
(102, 'Technical Specialist'),
(103, 'Refrigeration Mechanic'),
(104, 'Textile Cutting Machine Operator'),
(105, 'Food Tobacco Roasting'),
(106, 'Composer'),
(107, 'Cement Mason and Concrete Finisher'),
(108, 'Statement Clerk'),
(109, 'Poultry Cutter'),
(110, 'Recordkeeping Clerk'),
(111, 'Auditor'),
(112, 'Gaming Manager'),
(113, 'Airframe Mechanic'),
(114, 'Brokerage Clerk'),
(115, 'Tax Preparer'),
(116, 'Answering Service'),
(117, 'Computer Scientist'),
(118, 'Fast Food Cook'),
(119, 'Building Cleaning Worker'),
(120, 'Account Manager'),
(121, 'Molder'),
(122, 'Numerical Tool Programmer OR Process Control Programmer'),
(123, 'Computer Scientist'),
(124, 'Packaging Machine Operator'),
(125, 'Secondary School Teacher'),
(126, 'Bookkeeper'),
(127, 'Environmental Compliance Inspector'),
(128, 'Gas Compressor Operator'),
(129, 'Dental Hygienist'),
(130, 'Calibration Technician OR Instrumentation Technician'),
(131, 'Aircraft Rigging Assembler'),
(132, 'Community Service Manager'),
(133, 'Janitorial Supervisor'),
(134, 'Engine Assembler'),
(135, 'New Accounts Clerk'),
(136, 'Truck Driver'),
(137, 'Directory Assistance Operator'),
(138, 'Electrotyper'),
(139, 'Deburring Machine Operator'),
(140, 'Spraying Machine Operator'),
(141, 'Automotive Specialty Technician'),
(142, 'Host and Hostess'),
(143, 'Insurance Sales Agent'),
(144, 'Credit Checkers Clerk'),
(145, 'Mail Machine Operator'),
(146, 'Credit Authorizer'),
(147, 'Bartender'),
(148, 'Fashion Model'),
(149, 'Administrative Law Judge'),
(150, 'Music Director'),
(151, 'Dietetic Technician'),
(152, 'Wholesale Buyer'),
(153, 'Roustabouts'),
(154, 'Inspector'),
(155, 'Freight Agent'),
(156, 'Operating Engineer'),
(157, 'Electronics Engineering Technician'),
(158, 'Management Analyst'),
(159, 'Technical Director'),
(160, 'Human Resources Manager'),
(161, 'Heaters'),
(162, 'Personal Trainer'),
(163, 'Automotive Technician'),
(164, 'Mail Machine Operator'),
(165, 'Medical Sales Representative'),
(166, 'Nutritionist'),
(167, 'Transit Police OR Railroad Police'),
(168, 'Surveying Technician'),
(169, 'Chemical Technician'),
(170, 'Radiation Therapist'),
(171, 'Public Transportation Inspector'),
(172, 'Copy Machine Operator'),
(173, 'Architecture Teacher'),
(174, 'Medical Records Technician'),
(175, 'Museum Conservator'),
(176, 'Director Religious Activities'),
(177, 'Marine Oiler'),
(178, 'Psychiatric Aide'),
(179, 'Woodworker'),
(180, 'Insurance Sales Agent'),
(181, 'Radiation Therapist'),
(182, 'Personal Financial Advisor'),
(183, 'Archeologist'),
(184, 'Rigger'),
(185, 'System Administrator'),
(186, 'Business Development Manager'),
(187, 'Metal Worker'),
(188, 'Pharmacist'),
(189, 'CSI'),
(190, 'Conservation Scientist'),
(191, 'Foreign Language Teacher'),
(192, 'Chemical Engineer'),
(193, 'Dental Assistant'),
(194, 'Taper'),
(195, 'Custom Tailor'),
(196, 'Sales Engineer'),
(197, 'Tool Sharpener'),
(200, 'Secretary');

-- --------------------------------------------------------

--
-- Структура таблиці `users`
--

CREATE TABLE `users` (
  `id` int(10) UNSIGNED NOT NULL,
  `name` varchar(255) COLLATE utf8mb4_unicode_ci NOT NULL,
  `email` varchar(255) COLLATE utf8mb4_unicode_ci NOT NULL,
  `password` varchar(255) COLLATE utf8mb4_unicode_ci NOT NULL,
  `remember_token` varchar(100) COLLATE utf8mb4_unicode_ci DEFAULT NULL,
  `created_at` timestamp NULL DEFAULT NULL,
  `updated_at` timestamp NULL DEFAULT NULL
) ENGINE=InnoDB DEFAULT CHARSET=utf8mb4 COLLATE=utf8mb4_unicode_ci;

--
-- Дамп даних таблиці `users`
--

INSERT INTO `users` (`id`, `name`, `email`, `password`, `remember_token`, `created_at`, `updated_at`) VALUES
(1, 'Miracle Haley DVM', 'nash57@example.com', '$2y$10$vULl.AKnHFBrF7OY6Erd4ecphIDGDP./iaiFk.vJufDS.QvoQX5nq', 'ACj1L9GKcFlSRrqN0b6ud5Yf1Io44PkxulYXHfotXZgevFJ5fDdpnnWMOOh8', '2018-08-09 10:33:04', '2018-08-09 10:33:04'),
(2, 'Wilton Kerluke', 'bria.mitchell@example.net', '$2y$10$4uxaKHdEK3veqZ0Cz5FKWeUuBZz9GtrdP4tzq3JP1cceTybS5pSkm', 'KnPNmLMqfI', '2018-08-09 10:33:04', '2018-08-09 10:33:04'),
(3, 'Laurence Batz', 'sanford.mills@example.net', '$2y$10$2eGtu85zX6kkMApXppBiQeNeHs5QJeOxhlhez6xP8ewtanqx359oS', '6awIGfXB2n', '2018-08-09 10:33:04', '2018-08-09 10:33:04'),
(4, 'Mr. Jakob Bayer DDS', 'cydney.stanton@example.net', '$2y$10$kOyLNa54zDWZCmUlyhpB9uqyW4jro4ZIGNxe1Mg1NiVX2lKRI2V1S', 'S7gL1yS1ht', '2018-08-09 10:33:05', '2018-08-09 10:33:05'),
(5, 'Kameron Veum', 'emilie16@example.com', '$2y$10$aFMkigoGXyoZN/UquAenpOAF9dePqdOMUtxUrbxVG6pwo1vMP6uwS', 'lOJAc5zB7B', '2018-08-09 10:33:05', '2018-08-09 10:33:05'),
(6, 'Patricia Keeling', 'satterfield.hanna@example.com', '$2y$10$osyarff3OWb8DrgMpiImxuj7.VBSRZr36ozvowrG2fwEB8LAIF18.', '9Dj23tElon', '2018-08-09 10:33:05', '2018-08-09 10:33:05'),
(7, 'Andreane Schroeder', 'upton.elvera@example.com', '$2y$10$t7mUy4LMz3P62n1IS1zl1uML..T.vebtG.t4EtsbP3izCdrIvh2GG', 'V662mf996h', '2018-08-09 10:33:05', '2018-08-09 10:33:05'),
(8, 'Dr. Lorine Harvey DDS', 'nconnelly@example.com', '$2y$10$MdsCEg61Z.zZCQf9YqrC1.RXee9Xbkx/JYercWGDGL8v.3WfE0tBi', 'A78GeL7A9K', '2018-08-09 10:33:05', '2018-08-09 10:33:05'),
(9, 'Barton Gislason', 'jasper.lesch@example.com', '$2y$10$ACFOrnjnfRk2PSWRRgI1pOYcCCa41MWu14tyObn.vxCM2lRGw11ES', 'a0abuODYcX', '2018-08-09 10:33:05', '2018-08-09 10:33:05'),
(10, 'Jeramy Torp', 'mara.nitzsche@example.org', '$2y$10$W1UjYG9vxD1rQo8.FPmMIe9e2JmuIlXObQ3ZgPKQBjJs9GT9s/tPa', '7lzEqfRfTL', '2018-08-09 10:33:05', '2018-08-09 10:33:05'),
(11, 'Dr. Neva Gerlach V', 'astiedemann@example.org', '$2y$10$8UOnQ/Ek8WmUa/2i5WfFCO69trE.PnpMo6Gqeb3.GrCArh4qS.toy', 'iFpNM4NQYd', '2018-08-09 10:33:05', '2018-08-09 10:33:05'),
(12, 'Arely Spinka', 'jadyn.koch@example.com', '$2y$10$kV5Zg4Ef/1m2itCZFxT2I.b3kDu8bJsgKXVzAxZdE8iqHvTJ9BIkS', 'u7bQZO8t1x', '2018-08-09 10:33:05', '2018-08-09 10:33:05'),
(13, 'Gerardo Thiel', 'renner.jenifer@example.com', '$2y$10$jbNzvPjwV9vBJkkBXmt/V.MosyVXUW/N2KDtOH.2Ii0dGD8HTw102', 'H0UmbgOFOM', '2018-08-09 10:33:05', '2018-08-09 10:33:05'),
(14, 'Mrs. Jude Kuhn', 'labadie.darby@example.org', '$2y$10$KfWmrFxn4IHCicouP29y8uvZM7htpj0TdQFSzuaBxVj14Z/I5ZUMK', 'jHpeoKDYyf', '2018-08-09 10:33:05', '2018-08-09 10:33:05'),
(15, 'Jamey Padberg', 'halie.johnston@example.com', '$2y$10$9v6i1lQD4TCuqv3.1Q41r.5e95EEyCabaO3bFLENATi5Zf5MZXHbu', 'smjy9FyCM9', '2018-08-09 10:33:06', '2018-08-09 10:33:06'),
(16, 'Clare Waelchi PhD', 'mprice@example.com', '$2y$10$JmLiAXEjsyamRQj67HINy.TwY0FOZTLjMm4i3zv8NJPRt2QdtyumS', 'Ss0ctCpJPY', '2018-08-09 10:33:06', '2018-08-09 10:33:06'),
(17, 'Christop Strosin', 'sonny68@example.net', '$2y$10$6FBzW5JZ2YXFcyOsgWRn2Okh6TAvxxJTvwSIk/dT/H.dgHD76aJcC', 'blx6PBf8HS', '2018-08-09 10:33:06', '2018-08-09 10:33:06'),
(18, 'Anderson Bins DVM', 'muller.kianna@example.com', '$2y$10$Rf3p5SslOTH6xSqVSNpFYONZHRXJXlwitB7O8WcxZi4DYPQf.9eR.', 'jbl0pamBdV', '2018-08-09 10:33:06', '2018-08-09 10:33:06'),
(19, 'Prof. Aric Conn III', 'orland.hand@example.org', '$2y$10$lh7ktAY5rVlZEQmMPPkR2.SE75iMXoIsnwcVidaW2.23XilSyJimO', 'S0bsg1QNwF', '2018-08-09 10:33:06', '2018-08-09 10:33:06'),
(20, 'Mr. Sage Conn II', 'royce66@example.net', '$2y$10$tKiHeDa84WBE04vwFRd21uW3VAy8w66gR0oD9YjUjsq2dNmj9FmwK', 'y2ScXYXVWT', '2018-08-09 10:33:06', '2018-08-09 10:33:06'),
(21, 'Lucas Marvin', 'cdooley@example.com', '$2y$10$eeLttiFu1r9Q3.qcistzJu/v4Q/nsdy90llYCdS78gbiPBZvvrGSS', 'QzUaZn14VJ', '2018-08-09 10:33:06', '2018-08-09 10:33:06'),
(22, 'Jaida Abshire', 'hirthe.helena@example.net', '$2y$10$P/849I38OqNxfaADyNaf6OZK7z1PzKfGc2uVeMJBVyurkKeJXhw.6', 'GziLDHfTu0', '2018-08-09 10:33:06', '2018-08-09 10:33:06'),
(23, 'Irving Metz', 'cordia17@example.com', '$2y$10$4a94X01Jvh93pREY/9TVAOuWDA5Fj55o/3H/1mhoEjSdI28OfF/ci', 'ZEhjFHsJ4g', '2018-08-09 10:33:06', '2018-08-09 10:33:06'),
(24, 'Darion Hartmann', 'eleanora.beer@example.net', '$2y$10$S2XnZl5hSqZIJwMJ6jXnXO5a8hau7m/3xhpXDEXsfRG7.yWZ67Dfm', 'QaQ1tKcFBJ', '2018-08-09 10:33:06', '2018-08-09 10:33:06'),
(25, 'Tracy Nader', 'zcummings@example.net', '$2y$10$6TUQxW1KLGazQzxVywTLzuRtm8ZjTxcBU/Fufrfk9ShfX.2L1KNdi', '6H5RFiAiMA', '2018-08-09 10:33:06', '2018-08-09 10:33:06'),
(26, 'Brandt Stokes', 'bpfannerstill@example.net', '$2y$10$0KhnR/cuPMVbwEDq6rNNFu3J3mYmlJuTNwB7CswiT0Qxp5gtU87O6', 'lC5VuKbzpR', '2018-08-09 10:33:06', '2018-08-09 10:33:06'),
(27, 'Dr. Amir Schaefer II', 'kheidenreich@example.com', '$2y$10$Gxr2e/9icQ6lcK..2wlRxeDb7jw9ZaOoYMTvam9BkNI089xjHZL.O', 'IsSJ6VuBN5', '2018-08-09 10:33:06', '2018-08-09 10:33:06'),
(28, 'Amparo Schultz', 'margie.schuster@example.net', '$2y$10$FxiY4oKH6oG1RCp2h6om9u7XuI.O1K9D5uD32px21yEybsPkmeHty', 'XOPS1hywuC', '2018-08-09 10:33:06', '2018-08-09 10:33:06'),
(29, 'Fermin O\'Connell', 'richie87@example.org', '$2y$10$KHytJC90jT2ZEom4ECt1pOT/GgurZn3VXnyYQicctjIiZbhfDUMhS', 'FuZSZg9xY0', '2018-08-09 10:33:06', '2018-08-09 10:33:06'),
(30, 'Dr. Easton Harris MD', 'upagac@example.org', '$2y$10$CscUJZjueqqtQ2ccJXYPxunippWnQ7j4m6nGnioNgbmx8xCHLAq5K', '0D2MqSQqRS', '2018-08-09 10:33:07', '2018-08-09 10:33:07'),
(31, 'Suzanne Botsford', 'abbigail28@example.net', '$2y$10$NcGwtlnN71Yf2y2fkk5RE.gzLarBH3y.TB1pjvATaj2TqCYqKUOV2', 'yZhoNRmCdd', '2018-08-09 10:33:07', '2018-08-09 10:33:07'),
(32, 'Kade Grimes I', 'dfeil@example.com', '$2y$10$lOCiddmeEJN1rBlhVluPfeE3Laei7HfPkZbPRA2qajqZ118FKmrgu', 'EKfUBqKuiE', '2018-08-09 10:33:07', '2018-08-09 10:33:07'),
(33, 'Evelyn Reichel', 'isabell.botsford@example.org', '$2y$10$nYoCFEgfHa3BODbR.MBf3ertdFO2x1MSWWHJ61Jbvf8gcphb6GH5m', 'Du0wsmC1HF', '2018-08-09 10:33:07', '2018-08-09 10:33:07'),
(34, 'Mrs. Lizeth Mueller', 'meichmann@example.org', '$2y$10$jliTWl.Uxx3pTIW5HMiXveJbVdweBc.hzinnNx6tabw79bFJwBCsi', 'Pf5t1m7dT1', '2018-08-09 10:33:07', '2018-08-09 10:33:07'),
(35, 'Bailee Graham', 'emanuel.legros@example.org', '$2y$10$guToCLJ0zmN2bo/COI1tTejKSuSp7D/LzZ/xzh5bZ4Oc8daKWR6wC', 'S3vQyMNyFc', '2018-08-09 10:33:07', '2018-08-09 10:33:07'),
(36, 'Mr. Tito Schroeder Sr.', 'khalid.durgan@example.com', '$2y$10$STr1aP2N.Kx0AXivYHjAH.8ZT9jo3n31CY49Wwbms2Q5ur2SjMtEa', 'ibt2ske0sf', '2018-08-09 10:33:07', '2018-08-09 10:33:07'),
(37, 'Anika Jerde', 'bhand@example.net', '$2y$10$AnZYOZIspVjZ/vuwbhggCOAoHW7Yt4V7dERNrpL82UzF3jGv6ohUu', 'eKuaR630ES', '2018-08-09 10:33:07', '2018-08-09 10:33:07'),
(38, 'Ms. Candida Gleichner', 'cremin.gabe@example.org', '$2y$10$1ydUTHJCH9WSsAvquTH6WuRrtdsd2JZc4QZQWpsskpbngLNweIwPy', 'ywC0KhJsEu', '2018-08-09 10:33:07', '2018-08-09 10:33:07'),
(39, 'Prof. Kayleigh Kuhn PhD', 'bmcdermott@example.org', '$2y$10$bsLrgjR2G09NJJsREG4i4eUv7fFijlWPjJJZjDXBPmkSUxC.E6qEe', '4QlDAL1sCr', '2018-08-09 10:33:07', '2018-08-09 10:33:07'),
(40, 'Myles Watsica', 'ena27@example.net', '$2y$10$aUySBN4v0jLx0rUG2wpFy.sJcB7cmqPjIoACgZ2tJVbXaxUUJhwM2', '0gCxYOILoq', '2018-08-09 10:33:07', '2018-08-09 10:33:07'),
(41, 'Mollie Beier', 'xthiel@example.org', '$2y$10$rjVtdgDiTq.jX.2MJR5aCOP/ElSBtq6I9zBrCaucNnY6wzfiV/b3.', 'jJmOqYqWPw', '2018-08-09 10:33:07', '2018-08-09 10:33:07'),
(42, 'Santa Hill', 'jacobs.shana@example.net', '$2y$10$XGg/ZBKtQS9yyVNmuHvvgeKHYw33LXzbdbJb6hFfDuTyMka9u5vzK', '0sKLfH0D76', '2018-08-09 10:33:07', '2018-08-09 10:33:07'),
(43, 'Mrs. Anahi Crona Jr.', 'nicklaus96@example.org', '$2y$10$796o5WlDsaYGI/zJ7RK7ZOGEaF1qfUQ.IE9hozMWp4VelG2c01PBK', 'It0GLqrLau', '2018-08-09 10:33:07', '2018-08-09 10:33:07'),
(44, 'Carolina Hilpert', 'wolf.niko@example.net', '$2y$10$VitKB5WsS/PPFu4/FPuzFOCUkl6AMGwx4KwyJfEspXgnBz48JzlWa', 'zQ7Ubtkggo', '2018-08-09 10:33:07', '2018-08-09 10:33:07'),
(45, 'Dr. Gracie Bradtke', 'merle.hackett@example.org', '$2y$10$JuXbQoG/0p.7SgOSuQwkUO5yuLpyKBdyDz01FFbcyZj.qVWypYQlC', 'Y70izHHnY7', '2018-08-09 10:33:07', '2018-08-09 10:33:07'),
(46, 'Kale Weissnat', 'marks.amelia@example.org', '$2y$10$i7lLRQ9U.c6IPF.Nwe85Tuy1t5nBUZGleSNC8pBsxRwcOjOe887Au', 'VBKliLQcSV', '2018-08-09 10:33:07', '2018-08-09 10:33:07'),
(47, 'Rose Jakubowski', 'otilia.weissnat@example.com', '$2y$10$.tBdExo/u/AP6as4puKyUup1en/wP19jop.KPskZ5KBsha7/ZYfWm', 'jPbnPrxjHk', '2018-08-09 10:33:08', '2018-08-09 10:33:08'),
(48, 'Timmy Ritchie', 'katrine.blick@example.org', '$2y$10$EtoC7kR8esPjwRxs5Xa5MuEW1RvwI7xNFj35jpYTWY3QnjwdaMta6', 'Muq4NXik7D', '2018-08-09 10:33:08', '2018-08-09 10:33:08'),
(49, 'Orville Cummings', 'fred.quigley@example.com', '$2y$10$njAsgcwU.zJXo9qCvEkGM.8gpEBfCqUKmx/SmAjrPnh2cZ4aQQ6eK', 'Sr9GjsuFd6', '2018-08-09 10:33:08', '2018-08-09 10:33:08'),
(50, 'Ricardo Hirthe', 'wnader@example.org', '$2y$10$vvxCZXTSYYDPYfLsBKR.he0sbvlWd9kOCBbhhzOsXXmtYLCr9KDuG', 'KztQ6ul1vJ', '2018-08-09 10:33:08', '2018-08-09 10:33:08'),
(51, 'Adriel Abbott', 'lina.labadie@example.net', '$2y$10$s/fadw/ccwc0MoEDL6z2A.G9Hrm69dAeoRG/KisJxf1JjhpI2LsGm', '64N5aFVNEd', '2018-08-09 10:33:08', '2018-08-09 10:33:08'),
(52, 'Miss Bettye Dickinson', 'becker.kailee@example.org', '$2y$10$.QnMqizji4lGAanJ2X36VO72oFiLzR2nP4CbyxHX2XbDxnNkeKzdG', 'FDSYUFZCef', '2018-08-09 10:33:08', '2018-08-09 10:33:08'),
(53, 'Delia Runolfsson', 'istracke@example.net', '$2y$10$6CPFxPOMSLPCbbcZNHuvKOLsZBtOtgqmd6HMUPCC/MNh4Q2m4UWHm', 'CgsTi9xA3w', '2018-08-09 10:33:08', '2018-08-09 10:33:08'),
(54, 'Prof. Berneice Johnson Sr.', 'hobart.green@example.com', '$2y$10$yKgIrDnabovYxo2zJd25BuKIls0e.iK048Zfp7dmM0HaYIrCdGSWq', 'Hxka7pueTO', '2018-08-09 10:33:08', '2018-08-09 10:33:08'),
(55, 'Danial Stroman I', 'marlen.trantow@example.net', '$2y$10$aRB5M8J/GuGs8JrXyad4feMkRBLK4GtKM1BUjk.wFiouCh0CBABnm', 'Y3F94FjxLz', '2018-08-09 10:33:08', '2018-08-09 10:33:08'),
(56, 'Stevie Kunde', 'antonietta50@example.org', '$2y$10$JEzZwd7tnFwz4rikjitnGeAhPFI3OjQA2FrndHbJKesppeSoh0tMO', 'W4A8ylMUVP', '2018-08-09 10:33:08', '2018-08-09 10:33:08'),
(57, 'Karelle Rice', 'geovany.jones@example.org', '$2y$10$hYsnwWB8WEW/6ZMfLJSRIOMQt8G05ucjkuOwRr0Ub96PH8z68lvHa', '9uXgOMKvsQ', '2018-08-09 10:33:08', '2018-08-09 10:33:08'),
(58, 'Miss Shyanne Rippin', 'denis.feest@example.com', '$2y$10$MYhYU/drNMOpSOX2EVVDmOlG.dfOzIry5xh9V8eHa8DI17hUcaVuq', 'JaasFr6FYC', '2018-08-09 10:33:08', '2018-08-09 10:33:08'),
(59, 'Prof. Giovanna Ortiz PhD', 'carmine.wunsch@example.com', '$2y$10$ggn3qeU5TP5iYdrP8KKM7.FwD11vlz230C3M//MgBG4wrOifcU2di', 'JosVro4Z28', '2018-08-09 10:33:08', '2018-08-09 10:33:08'),
(60, 'Regan Hauck V', 'humberto.pollich@example.net', '$2y$10$ynjcUY1VlL41z68QwfJmUe0rmcEpWtiULRuH1slJaro933BKR55F.', 'rlBAHgyiCt', '2018-08-09 10:33:08', '2018-08-09 10:33:08'),
(61, 'Forrest Wilkinson', 'clifton.von@example.org', '$2y$10$YOJJDXBS7HxOo9qsVy439.2Hw3kQ6QY909qSfhnY5X3N0WBfk/3P2', '3v4GyW9gTV', '2018-08-09 10:33:08', '2018-08-09 10:33:08'),
(62, 'Mr. Lester Abshire Jr.', 'maurice48@example.org', '$2y$10$TMUbSpFzxRm9seEHNztkr.vfxsnBHU2Q5NqWKsP6EsoGpaAg57D9m', 'THsHKOL07C', '2018-08-09 10:33:08', '2018-08-09 10:33:08'),
(63, 'Raoul Boyer', 'pschamberger@example.com', '$2y$10$UaTty41rRywPicy3ZoV5O.fbmXClMF3./wgOAyHfiZ8aAkf5QSv9i', 'bDI6Par2IS', '2018-08-09 10:33:08', '2018-08-09 10:33:08'),
(64, 'Antonio Labadie I', 'nettie33@example.com', '$2y$10$Qhcj9.zbLq7Q3KgK6HdB2OtorIfC.TCw9fBUhskyVmolptO4K5BGC', 'sTkXFcdrV9', '2018-08-09 10:33:08', '2018-08-09 10:33:08'),
(65, 'Dr. Roberta Marvin II', 'ole61@example.org', '$2y$10$U7zIzwy0kArpHdd272T4I.uVfMqiNyz3qEwfY8BLGtECiSqq/j3We', 'SDwuye3Igw', '2018-08-09 10:33:09', '2018-08-09 10:33:09'),
(66, 'Drake Walker', 'umuller@example.com', '$2y$10$zI600kjWrCHdKgsg3Vy8MOCkoAKqmmgUd./pDiIIDYC7jYhsL3DZW', 'fEg16f0eGl', '2018-08-09 10:33:09', '2018-08-09 10:33:09'),
(67, 'Garnett Baumbach MD', 'kschmeler@example.com', '$2y$10$oB9Lw9F8nR6nzpDR6y6sUuxX0enjErFns960vMeUU4PBIA0An3wl6', 'KNgmno01fX', '2018-08-09 10:33:09', '2018-08-09 10:33:09'),
(68, 'Miss Clementina Turner II', 'jenkins.pete@example.net', '$2y$10$btiiuTFhQR2is.nnsSW35.ecHOHZMvoNDZhV7FfaDLv017TE2v..u', 'qg9ocBIH1Q', '2018-08-09 10:33:09', '2018-08-09 10:33:09'),
(69, 'Pearl Balistreri DDS', 'madelyn.nikolaus@example.org', '$2y$10$93EaJAWkhPipNMsMyFhHI.lJ71PlG2tCx4heV74ZcCvQomWmj4PKC', 'MB9JdgLadT', '2018-08-09 10:33:09', '2018-08-09 10:33:09'),
(70, 'Dr. Domenick Heathcote', 'connelly.elyse@example.org', '$2y$10$csPue9j328HCj8/UzyFkmu5U598fm/EZg6RSL22UWZ9TkrE6Udt7.', '4PJcOXTHBT', '2018-08-09 10:33:09', '2018-08-09 10:33:09'),
(71, 'Prof. Leda Senger', 'brekke.abigail@example.com', '$2y$10$4O/LlbizvGfyxFd9KJV6qOh/HmrDrpg8l82CXwrnHwE.k2Mvo1FpO', 'X0rvNVKr1G', '2018-08-09 10:33:09', '2018-08-09 10:33:09'),
(72, 'Dr. Miguel Thiel DDS', 'bridget15@example.net', '$2y$10$L6/nWg9givt54ujhAZ2YAe.Z.xl6gYxuPvJ6BVMiDJrWSb71M4Cy2', 'BB6DGAz0Ze', '2018-08-09 10:33:09', '2018-08-09 10:33:09'),
(73, 'Vivian Robel', 'fzboncak@example.org', '$2y$10$wyp0ps9vVWWQ2m0b0KJZ9uje/uQb16JFPMxWI/WNv/n4D.L//c5vG', 'CmlqN6pVle', '2018-08-09 10:33:09', '2018-08-09 10:33:09'),
(74, 'Prof. Eve Schaden', 'upton.krista@example.net', '$2y$10$zXuqtnyiTosFgpJeXvtIxuop7TJZZkN0uu59v.RyTMO4b9ISdVEC.', 'DH8imaOHJa', '2018-08-09 10:33:09', '2018-08-09 10:33:09'),
(75, 'Travon Paucek', 'auer.sammy@example.org', '$2y$10$mflPoQxUrTaBFzUJPJGmn./XU7ClPFQcOVRU9dujQsm3yR3E6D1Ee', 'Fm3v9QCz2H', '2018-08-09 10:33:09', '2018-08-09 10:33:09'),
(76, 'Myron Jenkins PhD', 'adonis.beier@example.net', '$2y$10$amJ.5g4.3hYsOj1hWNv3b.IPV8eo5dZiDIaIpHimYwQ7HQxmr/LHC', 'ppammau2dD', '2018-08-09 10:33:09', '2018-08-09 10:33:09'),
(77, 'Gerard Cronin MD', 'kulas.mattie@example.org', '$2y$10$WG0L.Xxw5JonDpKhLerAQeJ17kJsTCCgL/kZebLUB0VhCfQzSa2BC', 'WYMIjlOCs1', '2018-08-09 10:33:09', '2018-08-09 10:33:09'),
(78, 'Allen Kerluke', 'amelia10@example.net', '$2y$10$qsQqGXrbYgBf6DMDK0XWr.g.S90s6mk0Qa13YYyxINNoz4DYkub8S', 'qMIfTh715E', '2018-08-09 10:33:09', '2018-08-09 10:33:09'),
(79, 'Bette Moore II', 'ashtyn68@example.com', '$2y$10$qAPEnRh2twzeQNOuCelC3u72nEDXhN9xFRT3nZ3I8jQcPYy/8dFqG', 'vrfbAbVsRE', '2018-08-09 10:33:09', '2018-08-09 10:33:09'),
(80, 'Willow Walker III', 'wcarter@example.net', '$2y$10$WP8n9wW.snQlBO1JJgDG7OWBvuPeu05A2zIuoSbCz7Xt9TsokjpE.', 'UZf2o7hNuK', '2018-08-09 10:33:10', '2018-08-09 10:33:10'),
(81, 'Dr. Susan Weber III', 'rosemarie.mosciski@example.com', '$2y$10$vsGAA6Mk.s7uj6z8GElBN.4YLwLvrbNE2AP7ocyjVc3EryiqgtLCC', 'jXkQUiWdow', '2018-08-09 10:33:10', '2018-08-09 10:33:10'),
(82, 'Arlo Hodkiewicz', 'rroob@example.org', '$2y$10$nTrOtfuUNlU1OBOCpFTvh.r2hDZGqMQEr7H3ErBoLbeX55m4goiPm', 'OtRkzaUczD', '2018-08-09 10:33:10', '2018-08-09 10:33:10'),
(83, 'Mrs. Tara Koss', 'laron.gibson@example.com', '$2y$10$F4X48Dr57rNU/.YvpgjYQuV4KV1CX0hvuLwcHoX1JikEF2y6I8uLy', 'BvIk1Yc5r4', '2018-08-09 10:33:10', '2018-08-09 10:33:10'),
(84, 'Nikolas Legros', 'althea.schulist@example.com', '$2y$10$3LaB9U97R6VGaR2EaRcNee74eX9xkK7nsx/RGgo.TrdbB9V7ubJA.', 'N98g0tEAQJ', '2018-08-09 10:33:10', '2018-08-09 10:33:10'),
(85, 'Kaylah O\'Conner I', 'uspinka@example.com', '$2y$10$HFEk5W/E8vFjjZ9rySLOjuQ.Mj08EZzYQZQKdXN7M2TFMuxAzZQ1u', 'eck4CsGPS1', '2018-08-09 10:33:10', '2018-08-09 10:33:10'),
(86, 'Daphne Ward', 'augustine.kerluke@example.net', '$2y$10$2nVw8tk8bpEET.T8xHCx3eVzTodQ5F.OwsJt2f2lIFbvHnW8uHATW', 'NNcWE9TsKV', '2018-08-09 10:33:10', '2018-08-09 10:33:10'),
(87, 'Loyal Johns', 'ibaumbach@example.org', '$2y$10$b3SAIz9Vaq8OT/5AjFvEluEtpTej.g.S7cseiOxEFs6UsMeLRXVfO', 'JdgIAFVIfG', '2018-08-09 10:33:10', '2018-08-09 10:33:10'),
(88, 'Monroe Cassin', 'hailee.okeefe@example.com', '$2y$10$Ds.gBg3fmp7YzSIQVChox.qLs1SEfeX.7JPLrGoFeJopCB0h10xzC', 'fY4VGlVs5Z', '2018-08-09 10:33:10', '2018-08-09 10:33:10'),
(89, 'Missouri Frami I', 'shields.jamison@example.org', '$2y$10$9l9v3l0Kcmden.CRxceg..lmj6IsZWJsH2zfuHaJjKGVqFkAeGVfq', 'FVD4pRM4GV', '2018-08-09 10:33:10', '2018-08-09 10:33:10'),
(90, 'Delphia Schroeder', 'richie14@example.org', '$2y$10$XeH.IE79lyXbjlwyD9SfHOMCUJaIzvJxcCVBxuwmB/.dNn4CiYYAK', 'XLUDsCZso8', '2018-08-09 10:33:10', '2018-08-09 10:33:10'),
(91, 'Prof. Kirk Ullrich III', 'gerson.damore@example.com', '$2y$10$gKvYBkw7mjz6mNeVTARBseyEoSWGrSPvFSi5Pe7kpjnj8NbKjjQ2.', 'Uoq4QzgHAQ', '2018-08-09 10:33:10', '2018-08-09 10:33:10'),
(92, 'Prof. Allison Kub', 'metz.lenna@example.com', '$2y$10$N2AWR78QtzbvOlfNoC1C4uIUkdMtlqgpoxP/gu2mlOBKPvv5ScTsa', 'mnL2PruicD', '2018-08-09 10:33:10', '2018-08-09 10:33:10'),
(93, 'Kevon Zieme', 'xkoelpin@example.org', '$2y$10$Q0lxSZaL22tRn8N.btU5y.ipUXCB.zGN4jvcB0oOGkAGcgj9Iz8hq', 'KXpJkWRqng', '2018-08-09 10:33:10', '2018-08-09 10:33:10'),
(94, 'Allen Schaefer', 'kaylah.will@example.net', '$2y$10$isobWUTHLPpE/O1NhsBL8ON7HZQgfAn6gP51U7hPH03bNVP7EBn/m', 'BCivQQPEBa', '2018-08-09 10:33:10', '2018-08-09 10:33:10'),
(95, 'Clarabelle Lakin', 'anais43@example.org', '$2y$10$QkX7Tq63/EDEr5tQM8wr2uR.V.y/nnMrOgYift0/sQphZP.2xAR0K', '5xxGYnbQ4x', '2018-08-09 10:33:10', '2018-08-09 10:33:10'),
(96, 'Kayley Weber', 'ekassulke@example.net', '$2y$10$DnwfPCKYXytGEh1zJEbjVueDElo2Gmh3gG0lyU3qj4NbuCAmZ4hrm', 'E9w9m4CMQe', '2018-08-09 10:33:11', '2018-08-09 10:33:11'),
(97, 'Vickie Aufderhar', 'heathcote.evie@example.org', '$2y$10$znsuFrMzzCW0QL/s2OHK9OP8YHGD6XyPeyGbOWTLoZYDDVoEG79uK', '7lSc5ET8HR', '2018-08-09 10:33:11', '2018-08-09 10:33:11'),
(98, 'Isac Fisher', 'lockman.annetta@example.com', '$2y$10$UVj6cJj5Bud17IKA/9L7BOsC5TwDaTPgeCb0Z5aO7wTIH3UeMnoR.', 'wMX8rtOLET', '2018-08-09 10:33:11', '2018-08-09 10:33:11'),
(99, 'Krystina Lemke', 'evert.lockman@example.org', '$2y$10$Qr3M8Io6b0EDLOW/eG1aqeuUy934OZp6wd7RsRVwFvAvp4AAoOMPO', 'Ivuz9HHR8C', '2018-08-09 10:33:11', '2018-08-09 10:33:11'),
(100, 'Mr. Deshaun Altenwerth', 'johns.wilmer@example.org', '$2y$10$gE.Z.DgqlWmnRDrR4s0Ym.STU1taw78of8YCAprxzDGleBQ8FkgsK', 'tn9HvWS9zm', '2018-08-09 10:33:11', '2018-08-09 10:33:11');

--
-- Індекси збережених таблиць
--

--
-- Індекси таблиці `article`
--
ALTER TABLE `article`
  ADD PRIMARY KEY (`id`);

--
-- Індекси таблиці `article_tag`
--
ALTER TABLE `article_tag`
  ADD PRIMARY KEY (`id`);

--
-- Індекси таблиці `category`
--
ALTER TABLE `category`
  ADD PRIMARY KEY (`id`);

--
-- Індекси таблиці `comment`
--
ALTER TABLE `comment`
  ADD PRIMARY KEY (`id`);

--
-- Індекси таблиці `migrations`
--
ALTER TABLE `migrations`
  ADD PRIMARY KEY (`id`);

--
-- Індекси таблиці `password_resets`
--
ALTER TABLE `password_resets`
  ADD KEY `password_resets_email_index` (`email`);

--
-- Індекси таблиці `tag`
--
ALTER TABLE `tag`
  ADD PRIMARY KEY (`id`);

--
-- Індекси таблиці `users`
--
ALTER TABLE `users`
  ADD PRIMARY KEY (`id`),
  ADD UNIQUE KEY `users_email_unique` (`email`);

--
-- AUTO_INCREMENT для збережених таблиць
--

--
-- AUTO_INCREMENT для таблиці `article`
--
ALTER TABLE `article`
  MODIFY `id` int(10) UNSIGNED NOT NULL AUTO_INCREMENT, AUTO_INCREMENT=201;
--
-- AUTO_INCREMENT для таблиці `article_tag`
--
ALTER TABLE `article_tag`
  MODIFY `id` int(10) UNSIGNED NOT NULL AUTO_INCREMENT, AUTO_INCREMENT=501;
--
-- AUTO_INCREMENT для таблиці `category`
--
ALTER TABLE `category`
  MODIFY `id` int(10) UNSIGNED NOT NULL AUTO_INCREMENT, AUTO_INCREMENT=8;
--
-- AUTO_INCREMENT для таблиці `comment`
--
ALTER TABLE `comment`
  MODIFY `id` int(10) UNSIGNED NOT NULL AUTO_INCREMENT, AUTO_INCREMENT=304;
--
-- AUTO_INCREMENT для таблиці `migrations`
--
ALTER TABLE `migrations`
  MODIFY `id` int(10) UNSIGNED NOT NULL AUTO_INCREMENT, AUTO_INCREMENT=55;
--
-- AUTO_INCREMENT для таблиці `tag`
--
ALTER TABLE `tag`
  MODIFY `id` int(10) UNSIGNED NOT NULL AUTO_INCREMENT, AUTO_INCREMENT=201;
--
-- AUTO_INCREMENT для таблиці `users`
--
ALTER TABLE `users`
  MODIFY `id` int(10) UNSIGNED NOT NULL AUTO_INCREMENT, AUTO_INCREMENT=101;
/*!40101 SET CHARACTER_SET_CLIENT=@OLD_CHARACTER_SET_CLIENT */;
/*!40101 SET CHARACTER_SET_RESULTS=@OLD_CHARACTER_SET_RESULTS */;
/*!40101 SET COLLATION_CONNECTION=@OLD_COLLATION_CONNECTION */;
